date,project_name,iso,project_type,capacity_mw,offtake_pct,contracted_price,actual_gen_mwh,budget_gen_mwh,gen_vs_budget_pct,curtailed_mwh,proxy_gen_mwh,proxy_variance_mwh,fixed_shape_shortfall_mwh,rt_node_avg,rt_hub_avg,basis_spread,da_node_avg,da_hub_avg,da_schedule_mwh,imbalance_mwh,ppa_revenue,basis_revenue,da_revenue,da_basis_revenue,imbalance_revenue,imbalance_cost,dart_buyback_cost,proxy_buyback_cost,curtailment_loss,om_cost,marketing_cost,total_revenue,total_costs,net_pl,weather_event
2026-01-01,West Texas Solar 1,ERCOT,as-gen,50,0.75,28.50,110.66,112.96,-2.0,0.00,,,,31.40,26.99,4.41,,,,,2365.33,1234.33,,,,,,,,2054.79,684.93,3599.66,2739.73,859.93,Normal
2026-01-02,West Texas Solar 1,ERCOT,as-gen,50,0.75,28.50,110.86,115.09,-3.7,0.00,,,,37.45,33.07,4.38,,,,,2369.72,1401.83,,,,,,,,2054.79,684.93,3771.56,2739.73,1031.83,Normal
2026-01-03,West Texas Solar 1,ERCOT,as-gen,50,0.75,28.50,106.79,109.25,-2.3,0.00,,,,31.56,27.78,3.78,,,,,2282.69,1145.01,,,,,,,,2054.79,684.93,3427.70,2739.73,687.97,Normal
2026-01-04,West Texas Solar 1,ERCOT,as-gen,50,0.75,28.50,105.04,109.30,-3.9,0.00,,,,36.73,33.43,3.30,,,,,2245.18,1224.61,,,,,,,,2054.79,684.93,3469.79,2739.73,730.06,Winter Storm
2026-01-05,West Texas Solar 1,ERCOT,as-gen,50,0.75,28.50,106.98,110.92,-3.6,0.00,,,,33.27,27.63,5.64,,,,,2286.64,1342.48,,,,,,,,2054.79,684.93,3629.12,2739.73,889.39,Normal
2026-01-06,West Texas Solar 1,ERCOT,as-gen,50,0.75,28.50,102.96,106.66,-3.5,0.00,,,,37.25,34.71,2.54,,,,,2200.81,1155.01,,,,,,,,2054.79,684.93,3355.82,2739.73,616.09,Normal
2026-01-07,West Texas Solar 1,ERCOT,as-gen,50,0.75,28.50,113.48,118.85,-4.5,0.00,,,,38.44,33.71,4.74,,,,,2425.57,1493.66,,,,,,,,2054.79,684.93,3919.23,2739.73,1179.50,Normal
2026-01-08,West Texas Solar 1,ERCOT,as-gen,50,0.75,28.50,103.13,105.37,-2.1,0.00,,,,36.58,33.78,2.80,,,,,2204.36,1159.65,,,,,,,,2054.79,684.93,3364.01,2739.73,624.28,Normal
2026-01-09,West Texas Solar 1,ERCOT,as-gen,50,0.75,28.50,101.46,104.10,-2.5,0.00,,,,32.89,28.12,4.77,,,,,2168.73,1197.63,,,,,,,,2054.79,684.93,3366.36,2739.73,626.63,Normal
2026-01-10,West Texas Solar 1,ERCOT,as-gen,50,0.75,28.50,107.68,110.06,-2.2,0.00,,,,30.63,27.38,3.25,,,,,2301.68,1087.02,,,,,,,,2054.79,684.93,3388.71,2739.73,648.98,Normal
2026-01-11,West Texas Solar 1,ERCOT,as-gen,50,0.75,28.50,118.30,124.15,-4.7,0.00,,,,29.67,25.98,3.69,,,,,2528.58,1204.68,,,,,,,,2054.79,684.93,3733.27,2739.73,993.54,Normal
2026-01-12,West Texas Solar 1,ERCOT,as-gen,50,0.75,28.50,105.06,109.80,-4.3,0.00,,,,40.16,34.69,5.47,,,,,2245.69,1485.88,,,,,,,,2054.79,684.93,3731.56,2739.73,991.84,Normal
2026-01-13,West Texas Solar 1,ERCOT,as-gen,50,0.75,28.50,110.49,114.54,-3.5,0.00,,,,35.72,32.18,3.54,,,,,2361.62,1279.91,,,,,,,,2054.79,684.93,3641.53,2739.73,901.81,Normal
2026-01-14,West Texas Solar 1,ERCOT,as-gen,50,0.75,28.50,111.33,115.81,-3.9,0.00,,,,29.19,27.35,1.84,,,,,2379.61,965.59,,,,,,,,2054.79,684.93,3345.20,2739.73,605.47,Normal
2026-01-15,West Texas Solar 1,ERCOT,as-gen,50,0.75,28.50,112.17,115.47,-2.9,0.00,,,,33.71,32.52,1.19,,,,,2397.58,1045.08,,,,,,,,2054.79,684.93,3442.66,2739.73,702.93,Normal
2026-01-16,West Texas Solar 1,ERCOT,as-gen,50,0.75,28.50,121.54,127.57,-4.7,0.00,,,,33.27,31.54,1.73,,,,,2597.88,1168.06,,,,,,,,2054.79,684.93,3765.94,2739.73,1026.21,Normal
2026-01-17,West Texas Solar 1,ERCOT,as-gen,50,0.75,28.50,111.17,115.03,-3.3,0.00,,,,36.88,34.05,2.82,,,,,2376.32,1260.30,,,,,,,,2054.79,684.93,3636.62,2739.73,896.89,Normal
2026-01-18,West Texas Solar 1,ERCOT,as-gen,50,0.75,28.50,104.92,108.73,-3.5,0.00,,,,36.36,33.35,3.02,,,,,2242.58,1191.30,,,,,,,,2054.79,684.93,3433.88,2739.73,694.16,Normal
2026-01-19,West Texas Solar 1,ERCOT,as-gen,50,0.75,28.50,107.70,110.35,-2.4,0.00,,,,40.22,34.30,5.92,,,,,2302.02,1560.68,,,,,,,,2054.79,684.93,3862.70,2739.73,1122.97,Normal
2026-01-20,West Texas Solar 1,ERCOT,as-gen,50,0.75,28.50,120.61,126.13,-4.4,0.00,,,,31.34,27.22,4.11,,,,,2577.97,1316.68,,,,,,,,2054.79,684.93,3894.65,2739.73,1154.92,Normal
2026-01-21,West Texas Solar 1,ERCOT,as-gen,50,0.75,28.50,116.40,122.01,-4.6,0.00,,,,29.28,26.15,3.12,,,,,2488.14,1124.85,,,,,,,,2054.79,684.93,3612.99,2739.73,873.26,Normal
2026-01-22,West Texas Solar 1,ERCOT,as-gen,50,0.75,28.50,104.11,109.09,-4.6,0.00,,,,35.48,30.38,5.10,,,,,2225.40,1321.49,,,,,,,,2054.79,684.93,3546.89,2739.73,807.16,Normal
2026-01-23,West Texas Solar 1,ERCOT,as-gen,50,0.75,28.50,106.19,108.72,-2.3,0.00,,,,34.08,29.20,4.87,,,,,2269.79,1292.51,,,,,,,,2054.79,684.93,3562.30,2739.73,822.57,Normal
2026-01-24,West Texas Solar 1,ERCOT,as-gen,50,0.75,28.50,110.38,115.57,-4.5,0.00,,,,35.76,32.96,2.80,,,,,2359.31,1218.22,,,,,,,,2054.79,684.93,3577.53,2739.73,837.80,Normal
2026-01-25,West Texas Solar 1,ERCOT,as-gen,50,0.75,28.50,110.46,114.05,-3.1,0.00,,,,36.23,31.30,4.94,,,,,2361.17,1409.70,,,,,,,,2054.79,684.93,3770.87,2739.73,1031.14,Normal
2026-01-26,West Texas Solar 1,ERCOT,as-gen,50,0.75,28.50,103.40,108.10,-4.3,0.00,,,,34.40,29.56,4.84,,,,,2210.20,1264.36,,,,,,,,2054.79,684.93,3474.56,2739.73,734.83,Normal
2026-01-27,West Texas Solar 1,ERCOT,as-gen,50,0.75,28.50,115.95,119.13,-2.7,0.00,,,,35.70,31.38,4.32,,,,,2478.46,1410.98,,,,,,,,2054.79,684.93,3889.44,2739.73,1149.71,Normal
2026-01-28,West Texas Solar 1,ERCOT,as-gen,50,0.75,28.50,102.28,105.99,-3.5,0.00,,,,33.13,29.16,3.97,,,,,2186.16,1151.63,,,,,,,,2054.79,684.93,3337.79,2739.73,598.06,Normal
2026-01-29,West Texas Solar 1,ERCOT,as-gen,50,0.75,28.50,113.67,117.81,-3.5,0.00,,,,34.30,31.03,3.27,,,,,2429.72,1253.35,,,,,,,,2054.79,684.93,3683.07,2739.73,943.34,Normal
2026-01-30,West Texas Solar 1,ERCOT,as-gen,50,0.75,28.50,97.43,101.26,-3.8,0.00,,,,29.03,26.36,2.68,,,,,2082.64,902.75,,,,,,,,2054.79,684.93,2985.39,2739.73,245.66,Normal
2026-01-31,West Texas Solar 1,ERCOT,as-gen,50,0.75,28.50,103.53,107.62,-3.8,0.00,,,,37.95,32.81,5.14,,,,,2212.94,1381.38,,,,,,,,2054.79,684.93,3594.32,2739.73,854.60,Normal
2026-02-01,West Texas Solar 1,ERCOT,as-gen,50,0.75,28.50,102.82,105.23,-2.3,0.00,,,,36.07,33.19,2.88,,,,,2197.71,1149.14,,,,,,,,2054.79,684.93,3346.86,2739.73,607.13,Winter Storm
2026-02-02,West Texas Solar 1,ERCOT,as-gen,50,0.75,28.50,107.62,110.16,-2.3,0.00,,,,38.55,34.84,3.72,,,,,2300.35,1337.14,,,,,,,,2054.79,684.93,3637.49,2739.73,897.77,Normal
2026-02-03,West Texas Solar 1,ERCOT,as-gen,50,0.75,28.50,110.43,115.84,-4.7,0.00,,,,32.08,27.70,4.38,,,,,2360.45,1248.84,,,,,,,,2054.79,684.93,3609.29,2739.73,869.57,Normal
2026-02-04,West Texas Solar 1,ERCOT,as-gen,50,0.75,28.50,108.73,113.68,-4.4,0.00,,,,32.11,26.82,5.29,,,,,2324.13,1304.45,,,,,,,,2054.79,684.93,3628.57,2739.73,888.85,Normal
2026-02-05,West Texas Solar 1,ERCOT,as-gen,50,0.75,28.50,118.32,123.50,-4.2,0.00,,,,30.85,25.93,4.92,,,,,2529.02,1349.27,,,,,,,,2054.79,684.93,3878.30,2739.73,1138.57,Normal
2026-02-06,West Texas Solar 1,ERCOT,as-gen,50,0.75,28.50,109.27,113.22,-3.5,0.00,,,,35.88,32.62,3.26,,,,,2335.71,1247.11,,,,,,,,2054.79,684.93,3582.83,2739.73,843.10,Normal
2026-02-07,West Texas Solar 1,ERCOT,as-gen,50,0.75,28.50,110.72,114.77,-3.5,0.00,,,,33.78,31.97,1.80,,,,,2366.64,1084.64,,,,,,,,2054.79,684.93,3451.28,2739.73,711.55,Normal
2026-02-08,West Texas Solar 1,ERCOT,as-gen,50,0.75,28.50,116.69,119.21,-2.1,0.00,,,,30.06,26.49,3.56,,,,,2494.21,1188.64,,,,,,,,2054.79,684.93,3682.85,2739.73,943.12,Normal
2026-02-09,West Texas Solar 1,ERCOT,as-gen,50,0.75,28.50,104.09,108.08,-3.7,0.00,,,,35.63,32.40,3.23,,,,,2225.02,1179.13,,,,,,,,2054.79,684.93,3404.15,2739.73,664.43,Normal
2026-02-10,West Texas Solar 1,ERCOT,as-gen,50,0.75,28.50,109.89,114.35,-3.9,0.00,,,,38.93,34.24,4.69,,,,,2348.92,1455.78,,,,,,,,2054.79,684.93,3804.69,2739.73,1064.97,Normal
2026-02-11,West Texas Solar 1,ERCOT,as-gen,50,0.75,28.50,118.50,121.31,-2.3,0.00,,,,37.69,31.89,5.80,,,,,2532.86,1631.82,,,,,,,,2054.79,684.93,4164.67,2739.73,1424.95,Normal
2026-02-12,West Texas Solar 1,ERCOT,as-gen,50,0.75,28.50,109.73,114.14,-3.9,0.00,,,,29.33,27.70,1.63,,,,,2345.57,939.13,,,,,,,,2054.79,684.93,3284.70,2739.73,544.97,Normal
2026-02-13,West Texas Solar 1,ERCOT,as-gen,50,0.75,28.50,112.31,116.90,-3.9,0.00,,,,33.23,27.88,5.35,,,,,2400.72,1383.49,,,,,,,,2054.79,684.93,3784.22,2739.73,1044.49,Normal
2026-02-14,West Texas Solar 1,ERCOT,as-gen,50,0.75,28.50,110.22,114.93,-4.1,0.00,,,,34.47,31.25,3.21,,,,,2356.05,1215.33,,,,,,,,2054.79,684.93,3571.39,2739.73,831.66,Normal
2026-02-15,West Texas Solar 1,ERCOT,as-gen,50,0.75,28.50,117.99,123.58,-4.5,0.00,,,,31.36,29.61,1.75,,,,,2522.08,1079.85,,,,,,,,2054.79,684.93,3601.93,2739.73,862.20,Normal
2026-02-16,West Texas Solar 1,ERCOT,as-gen,50,0.75,28.50,117.06,120.38,-2.8,0.00,,,,38.67,32.90,5.77,,,,,2502.24,1638.29,,,,,,,,2054.79,684.93,4140.53,2739.73,1400.81,Normal
2026-02-17,West Texas Solar 1,ERCOT,as-gen,50,0.75,28.50,115.89,119.33,-2.9,0.00,,,,31.39,26.89,4.50,,,,,2477.13,1300.62,,,,,,,,2054.79,684.93,3777.75,2739.73,1038.02,Normal
2026-02-18,West Texas Solar 1,ERCOT,as-gen,50,0.75,28.50,117.72,122.16,-3.6,0.00,,,,37.74,33.70,4.04,,,,,2516.33,1467.45,,,,,,,,2054.79,684.93,3983.78,2739.73,1244.06,Normal
2026-02-19,West Texas Solar 1,ERCOT,as-gen,50,0.75,28.50,111.41,116.51,-4.4,0.00,,,,33.82,28.80,5.02,,,,,2381.35,1360.91,,,,,,,,2054.79,684.93,3742.26,2739.73,1002.53,Normal
2026-02-20,West Texas Solar 1,ERCOT,as-gen,50,0.75,28.50,119.03,123.89,-3.9,0.00,,,,35.73,34.03,1.69,,,,,2544.36,1214.48,,,,,,,,2054.79,684.93,3758.84,2739.73,1019.11,Normal
2026-02-21,West Texas Solar 1,ERCOT,as-gen,50,0.75,28.50,106.75,110.36,-3.3,0.00,,,,30.07,27.54,2.53,,,,,2281.72,1005.32,,,,,,,,2054.79,684.93,3287.04,2739.73,547.31,Normal
2026-02-22,West Texas Solar 1,ERCOT,as-gen,50,0.75,28.50,117.06,121.10,-3.3,0.00,,,,31.88,27.37,4.51,,,,,2502.12,1329.18,,,,,,,,2054.79,684.93,3831.29,2739.73,1091.57,Normal
2026-02-23,West Texas Solar 1,ERCOT,as-gen,50,0.75,28.50,107.10,111.81,-4.2,0.00,,,,35.80,31.07,4.73,,,,,2289.36,1338.36,,,,,,,,2054.79,684.93,3627.72,2739.73,888.00,Normal
2026-02-24,West Texas Solar 1,ERCOT,as-gen,50,0.75,28.50,115.90,119.24,-2.8,0.00,,,,35.44,32.47,2.96,,,,,2477.35,1284.31,,,,,,,,2054.79,684.93,3761.66,2739.73,1021.93,Normal
2026-02-25,West Texas Solar 1,ERCOT,as-gen,50,0.75,28.50,122.22,125.18,-2.4,0.00,,,,39.70,34.67,5.03,,,,,2612.50,1674.57,,,,,,,,2054.79,684.93,4287.07,2739.73,1547.34,Normal
2026-02-26,West Texas Solar 1,ERCOT,as-gen,50,0.75,28.50,121.26,124.07,-2.3,0.00,,,,29.16,27.34,1.83,,,,,2591.84,1050.18,,,,,,,,2054.79,684.93,3642.03,2739.73,902.30,Normal
2026-02-27,West Texas Solar 1,ERCOT,as-gen,50,0.75,28.50,117.04,122.50,-4.5,0.00,,,,31.20,26.36,4.85,,,,,2501.79,1338.48,,,,,,,,2054.79,684.93,3840.27,2739.73,1100.54,Normal
2026-02-28,West Texas Solar 1,ERCOT,as-gen,50,0.75,28.50,116.75,122.41,-4.6,0.00,,,,35.08,33.55,1.53,,,,,2495.44,1157.79,,,,,,,,2054.79,684.93,3653.23,2739.73,913.50,Normal
2026-01-01,West Texas Solar 2,ERCOT,as-gen,75,0.85,29.20,178.44,183.32,-2.7,0.00,,,,29.00,26.26,2.74,,,,,4428.94,1191.82,,,,,,,,3082.19,1027.40,5620.76,4109.59,1511.17,Normal
2026-01-02,West Texas Solar 2,ERCOT,as-gen,75,0.85,29.20,152.34,158.41,-3.8,0.00,,,,26.94,25.26,1.68,,,,,3781.10,833.86,,,,,,,,3082.19,1027.40,4614.96,4109.59,505.37,Normal
2026-01-03,West Texas Solar 2,ERCOT,as-gen,75,0.85,29.20,160.38,163.80,-2.1,0.00,,,,37.16,32.83,4.33,,,,,3980.74,1483.54,,,,,,,,3082.19,1027.40,5464.29,4109.59,1354.70,Normal
2026-01-04,West Texas Solar 2,ERCOT,as-gen,75,0.85,29.20,175.49,182.33,-3.8,0.00,,,,36.46,30.48,5.98,,,,,4355.58,1852.04,,,,,,,,3082.19,1027.40,6207.62,4109.59,2098.03,Normal
2026-01-05,West Texas Solar 2,ERCOT,as-gen,75,0.85,29.20,164.98,170.52,-3.3,0.00,,,,30.30,29.16,1.14,,,,,4094.74,909.71,,,,,,,,3082.19,1027.40,5004.44,4109.59,894.85,Normal
2026-01-06,West Texas Solar 2,ERCOT,as-gen,75,0.85,29.20,160.66,165.46,-2.9,0.00,,,,31.05,26.22,4.83,,,,,3987.64,1407.73,,,,,,,,3082.19,1027.40,5395.38,4109.59,1285.79,Normal
2026-01-07,West Texas Solar 2,ERCOT,as-gen,75,0.85,29.20,175.66,183.19,-4.1,0.00,,,,36.20,30.74,5.46,,,,,4359.91,1768.76,,,,,,,,3082.19,1027.40,6128.67,4109.59,2019.08,Normal
2026-01-08,West Texas Solar 2,ERCOT,as-gen,75,0.85,29.20,172.88,180.85,-4.4,0.00,,,,33.66,30.66,3.00,,,,,4290.79,1313.17,,,,,,,,3082.19,1027.40,5603.96,4109.59,1494.37,Normal
2026-01-09,West Texas Solar 2,ERCOT,as-gen,75,0.85,29.20,148.83,154.57,-3.7,0.00,,,,36.56,31.74,4.82,,,,,3693.98,1425.46,,,,,,,,3082.19,1027.40,5119.44,4109.59,1009.85,Normal
2026-01-10,West Texas Solar 2,ERCOT,as-gen,75,0.85,29.20,161.17,164.43,-2.0,0.00,,,,30.99,28.01,2.98,,,,,4000.16,1157.57,,,,,,,,3082.19,1027.40,5157.74,4109.59,1048.15,Normal
2026-01-11,West Texas Solar 2,ERCOT,as-gen,75,0.85,29.20,159.83,163.12,-2.0,0.00,,,,38.73,34.21,4.52,,,,,3966.97,1541.86,,,,,,,,3082.19,1027.40,5508.82,4109.59,1399.24,Normal
2026-01-12,West Texas Solar 2,ERCOT,as-gen,75,0.85,29.20,171.57,178.03,-3.6,0.00,,,,33.83,30.24,3.59,,,,,4258.35,1393.47,,,,,,,,3082.19,1027.40,5651.81,4109.59,1542.22,Normal
2026-01-13,West Texas Solar 2,ERCOT,as-gen,75,0.85,29.20,160.54,164.71,-2.5,0.00,,,,35.82,31.02,4.79,,,,,3984.72,1516.81,,,,,,,,3082.19,1027.40,5501.52,4109.59,1391.94,Normal
2026-01-14,West Texas Solar 2,ERCOT,as-gen,75,0.85,29.20,178.01,181.94,-2.2,0.00,,,,32.88,29.42,3.46,,,,,4418.30,1401.80,,,,,,,,3082.19,1027.40,5820.10,4109.59,1710.51,Normal
2026-01-15,West Texas Solar 2,ERCOT,as-gen,75,0.85,29.20,166.20,173.47,-4.2,0.00,,,,39.29,33.96,5.33,,,,,4124.99,1733.12,,,,,,,,3082.19,1027.40,5858.12,4109.59,1748.53,Normal
2026-01-16,West Texas Solar 2,ERCOT,as-gen,75,0.85,29.20,156.22,161.40,-3.2,0.00,,,,34.03,30.23,3.80,,,,,3877.41,1302.74,,,,,,,,3082.19,1027.40,5180.15,4109.59,1070.56,Normal
2026-01-17,West Texas Solar 2,ERCOT,as-gen,75,0.85,29.20,162.03,169.52,-4.4,0.00,,,,31.33,28.33,2.99,,,,,4021.69,1173.95,,,,,,,,3082.19,1027.40,5195.64,4109.59,1086.05,Normal
2026-01-18,West Texas Solar 2,ERCOT,as-gen,75,0.85,29.20,183.98,191.44,-3.9,0.00,,,,34.25,30.26,3.98,,,,,4566.36,1567.78,,,,,,,,3082.19,1027.40,6134.14,4109.59,2024.55,Normal
2026-01-19,West Texas Solar 2,ERCOT,as-gen,75,0.85,29.20,158.10,165.45,-4.4,0.00,,,,30.56,25.38,5.18,,,,,3923.95,1421.08,,,,,,,,3082.19,1027.40,5345.03,4109.59,1235.44,Normal
2026-01-20,West Texas Solar 2,ERCOT,as-gen,75,0.85,29.20,160.66,167.48,-4.1,0.00,,,,33.07,29.49,3.58,,,,,3987.46,1286.29,,,,,,,,3082.19,1027.40,5273.75,4109.59,1164.16,Normal
2026-01-21,West Texas Solar 2,ERCOT,as-gen,75,0.85,29.20,168.66,172.73,-2.4,0.00,,,,33.06,27.50,5.56,,,,,4186.14,1633.37,,,,,,,,3082.19,1027.40,5819.51,4109.59,1709.92,Normal
2026-01-22,West Texas Solar 2,ERCOT,as-gen,75,0.85,29.20,154.60,159.32,-3.0,0.00,,,,26.52,25.27,1.25,,,,,3837.23,779.66,,,,,,,,3082.19,1027.40,4616.89,4109.59,507.30,Normal
2026-01-23,West Texas Solar 2,ERCOT,as-gen,75,0.85,29.20,181.30,188.76,-4.0,0.00,,,,30.10,29.49,0.62,,,,,4499.77,914.05,,,,,,,,3082.19,1027.40,5413.82,4109.59,1304.23,Normal
2026-01-24,West Texas Solar 2,ERCOT,as-gen,75,0.85,29.20,170.65,178.69,-4.5,0.00,,,,32.24,30.97,1.27,,,,,4235.43,1009.91,,,,,,,,3082.19,1027.40,5245.34,4109.59,1135.75,Normal
2026-01-25,West Texas Solar 2,ERCOT,as-gen,75,0.85,29.20,153.79,159.43,-3.5,0.00,,,,33.63,28.90,4.72,,,,,3817.16,1393.45,,,,,,,,3082.19,1027.40,5210.61,4109.59,1101.02,Normal
2026-01-26,West Texas Solar 2,ERCOT,as-gen,75,0.85,29.20,158.95,162.96,-2.5,0.00,,,,37.73,32.79,4.93,,,,,3945.02,1566.02,,,,,,,,3082.19,1027.40,5511.04,4109.59,1401.45,Normal
2026-01-27,West Texas Solar 2,ERCOT,as-gen,75,0.85,29.20,171.30,176.03,-2.7,0.00,,,,36.28,32.53,3.75,,,,,4251.67,1478.21,,,,,,,,3082.19,1027.40,5729.88,4109.59,1620.29,Normal
2026-01-28,West Texas Solar 2,ERCOT,as-gen,75,0.85,29.20,180.41,186.83,-3.4,0.00,,,,35.79,33.01,2.78,,,,,4477.79,1394.21,,,,,,,,3082.19,1027.40,5871.99,4109.59,1762.40,Normal
2026-01-29,West Texas Solar 2,ERCOT,as-gen,75,0.85,29.20,172.79,178.08,-3.0,0.00,,,,40.91,34.98,5.93,,,,,4288.77,1931.38,,,,,,,,3082.19,1027.40,6220.15,4109.59,2110.57,Normal
2026-01-30,West Texas Solar 2,ERCOT,as-gen,75,0.85,29.20,153.27,158.02,-3.0,0.00,,,,33.45,28.83,4.62,,,,,3804.11,1370.54,,,,,,,,3082.19,1027.40,5174.65,4109.59,1065.07,Normal
2026-01-31,West Texas Solar 2,ERCOT,as-gen,75,0.85,29.20,177.57,184.12,-3.6,0.00,,,,31.68,27.62,4.06,,,,,4407.38,1456.92,,,,,,,,3082.19,1027.40,5864.30,4109.59,1754.71,Normal
2026-02-01,West Texas Solar 2,ERCOT,as-gen,75,0.85,29.20,160.32,165.20,-3.0,0.00,,,,31.27,25.65,5.62,,,,,3979.12,1517.75,,,,,,,,3082.19,1027.40,5496.87,4109.59,1387.28,Normal
2026-02-02,West Texas Solar 2,ERCOT,as-gen,75,0.85,29.20,168.83,176.28,-4.2,0.00,,,,33.32,30.52,2.80,,,,,4190.46,1245.86,,,,,,,,3082.19,1027.40,5436.32,4109.59,1326.73,Normal
2026-02-03,West Texas Solar 2,ERCOT,as-gen,75,0.85,29.20,184.36,192.36,-4.2,0.00,,,,37.28,31.40,5.88,,,,,4575.69,1952.62,,,,,,,,3082.19,1027.40,6528.31,4109.59,2418.72,Normal
2026-02-04,West Texas Solar 2,ERCOT,as-gen,75,0.85,29.20,175.83,182.70,-3.8,0.00,,,,31.46,30.51,0.95,,,,,4364.17,972.44,,,,,,,,3082.19,1027.40,5336.61,4109.59,1227.03,Normal
2026-02-05,West Texas Solar 2,ERCOT,as-gen,75,0.85,29.20,166.58,173.12,-3.8,0.00,,,,35.95,30.77,5.18,,,,,4134.55,1632.42,,,,,,,,3082.19,1027.40,5766.97,4109.59,1657.38,Normal
2026-02-06,West Texas Solar 2,ERCOT,as-gen,75,0.85,29.20,169.14,174.98,-3.3,0.00,,,,30.63,27.04,3.59,,,,,4198.16,1293.97,,,,,,,,3082.19,1027.40,5492.13,4109.59,1382.54,Normal
2026-02-07,West Texas Solar 2,ERCOT,as-gen,75,0.85,29.20,168.75,174.07,-3.1,0.00,,,,36.68,31.15,5.53,,,,,4188.42,1721.55,,,,,,,,3082.19,1027.40,5909.97,4109.59,1800.38,Normal
2026-02-08,West Texas Solar 2,ERCOT,as-gen,75,0.85,29.20,160.29,164.53,-2.6,0.00,,,,29.77,28.53,1.24,,,,,3978.29,885.05,,,,,,,,3082.19,1027.40,4863.34,4109.59,753.75,Normal
2026-02-09,West Texas Solar 2,ERCOT,as-gen,75,0.85,29.20,172.67,178.99,-3.5,0.00,,,,30.91,25.74,5.18,,,,,4285.62,1560.18,,,,,,,,3082.19,1027.40,5845.80,4109.59,1736.21,Normal
2026-02-10,West Texas Solar 2,ERCOT,as-gen,75,0.85,29.20,182.40,186.30,-2.1,0.00,,,,30.53,26.37,4.16,,,,,4527.21,1479.94,,,,,,,,3082.19,1027.40,6007.15,4109.59,1897.57,Normal
2026-02-11,West Texas Solar 2,ERCOT,as-gen,75,0.85,29.20,170.02,174.95,-2.8,0.00,,,,38.02,33.16,4.86,,,,,4219.98,1671.66,,,,,,,,3082.19,1027.40,5891.64,4109.59,1782.05,Normal
2026-02-12,West Texas Solar 2,ERCOT,as-gen,75,0.85,29.20,172.47,176.81,-2.5,0.00,,,,36.73,31.29,5.44,,,,,4280.82,1748.48,,,,,,,,3082.19,1027.40,6029.30,4109.59,1919.71,Normal
2026-02-13,West Texas Solar 2,ERCOT,as-gen,75,0.85,29.20,168.68,175.78,-4.0,0.00,,,,26.43,25.62,0.81,,,,,4186.67,785.12,,,,,,,,3082.19,1027.40,4971.79,4109.59,862.20,Normal
2026-02-14,West Texas Solar 2,ERCOT,as-gen,75,0.85,29.20,171.60,176.02,-2.5,0.00,,,,30.75,27.47,3.29,,,,,4259.01,1270.98,,,,,,,,3082.19,1027.40,5529.99,4109.59,1420.40,Normal
2026-02-15,West Texas Solar 2,ERCOT,as-gen,75,0.85,29.20,158.45,166.28,-4.7,0.00,,,,38.50,33.18,5.32,,,,,3932.71,1631.03,,,,,,,,3082.19,1027.40,5563.74,4109.59,1454.15,Normal
2026-02-16,West Texas Solar 2,ERCOT,as-gen,75,0.85,29.20,157.92,163.86,-3.6,0.00,,,,31.78,27.42,4.36,,,,,3919.61,1337.96,,,,,,,,3082.19,1027.40,5257.57,4109.59,1147.98,Normal
2026-02-17,West Texas Solar 2,ERCOT,as-gen,75,0.85,29.20,153.32,157.31,-2.5,0.00,,,,39.40,34.64,4.76,,,,,3805.45,1526.55,,,,,,,,3082.19,1027.40,5332.00,4109.59,1222.41,Normal
2026-02-18,West Texas Solar 2,ERCOT,as-gen,75,0.85,29.20,157.40,162.89,-3.4,0.00,,,,40.11,34.37,5.74,,,,,3906.70,1715.05,,,,,,,,3082.19,1027.40,5621.75,4109.59,1512.16,Normal
2026-02-19,West Texas Solar 2,ERCOT,as-gen,75,0.85,29.20,153.53,157.12,-2.3,0.00,,,,30.03,26.62,3.40,,,,,3810.65,1135.24,,,,,,,,3082.19,1027.40,4945.88,4109.59,836.29,Normal
2026-02-20,West Texas Solar 2,ERCOT,as-gen,75,0.85,29.20,175.48,179.73,-2.4,0.00,,,,31.65,28.24,3.41,,,,,4355.35,1342.08,,,,,,,,3082.19,1027.40,5697.42,4109.59,1587.83,Normal
2026-02-21,West Texas Solar 2,ERCOT,as-gen,75,0.85,29.20,169.65,177.60,-4.5,0.00,,,,34.95,32.04,2.91,,,,,4210.79,1309.09,,,,,,,,3082.19,1027.40,5519.89,4109.59,1410.30,Normal
2026-02-22,West Texas Solar 2,ERCOT,as-gen,75,0.85,29.20,157.78,161.97,-2.6,0.00,,,,33.03,27.47,5.56,,,,,3916.20,1526.90,,,,,,,,3082.19,1027.40,5443.11,4109.59,1333.52,Normal
2026-02-23,West Texas Solar 2,ERCOT,as-gen,75,0.85,29.20,159.63,163.81,-2.5,0.00,,,,32.10,30.83,1.27,,,,,3962.04,940.27,,,,,,,,3082.19,1027.40,4902.31,4109.59,792.72,Normal
2026-02-24,West Texas Solar 2,ERCOT,as-gen,75,0.85,29.20,164.80,169.80,-2.9,0.00,,,,31.41,25.64,5.77,,,,,4090.24,1584.79,,,,,,,,3082.19,1027.40,5675.03,4109.59,1565.44,Normal
2026-02-25,West Texas Solar 2,ERCOT,as-gen,75,0.85,29.20,184.04,189.79,-3.0,0.00,,,,36.21,31.83,4.39,,,,,4567.85,1686.10,,,,,,,,3082.19,1027.40,6253.95,4109.59,2144.36,Normal
2026-02-26,West Texas Solar 2,ERCOT,as-gen,75,0.85,29.20,155.99,162.96,-4.3,0.00,,,,30.94,27.48,3.46,,,,,3871.57,1183.32,,,,,,,,3082.19,1027.40,5054.89,4109.59,945.30,Normal
2026-02-27,West Texas Solar 2,ERCOT,as-gen,75,0.85,29.20,168.57,172.19,-2.1,0.00,,,,35.73,32.41,3.32,,,,,4183.93,1379.08,,,,,,,,3082.19,1027.40,5563.01,4109.59,1453.42,Normal
2026-02-28,West Texas Solar 2,ERCOT,as-gen,75,0.85,29.20,174.66,181.62,-3.8,0.00,,,,29.92,27.21,2.71,,,,,4335.16,1186.83,,,,,,,,3082.19,1027.40,5521.99,4109.59,1412.40,Normal
2026-01-01,Panhandle Solar A,ERCOT,fixed-shape,100,0.8,27.80,241.80,249.36,-3.0,0.00,,,6813.86,38.02,32.54,5.47,,,,,5377.57,2897.10,,,,,271993.59,,,4109.59,1369.86,-263718.92,5479.45,-269198.38,Normal
2026-01-02,Panhandle Solar A,ERCOT,fixed-shape,100,0.8,27.80,231.53,236.81,-2.2,0.00,,,6617.56,35.69,32.25,3.44,,,,,5149.32,2289.59,,,,,247958.15,,,4109.59,1369.86,-240519.23,5479.45,-245998.68,Normal
2026-01-03,Panhandle Solar A,ERCOT,fixed-shape,100,0.8,27.80,228.83,240.01,-4.7,0.00,,,6494.68,30.35,26.17,4.18,,,,,5089.19,2153.49,,,,,206964.89,,,4109.59,1369.86,-199722.21,5479.45,-205201.66,Normal
2026-01-04,Panhandle Solar A,ERCOT,fixed-shape,100,0.8,27.80,222.91,233.93,-4.7,0.00,,,6502.37,35.40,29.69,5.70,,,,,4957.47,2594.45,,,,,241659.53,,,4109.59,1369.86,-234107.61,5479.45,-239587.06,Normal
2026-01-05,Panhandle Solar A,ERCOT,fixed-shape,100,0.8,27.80,213.95,221.43,-3.4,0.00,,,6282.77,34.95,31.55,3.40,,,,,4758.25,2077.43,,,,,230540.19,,,4109.59,1369.86,-223704.51,5479.45,-229183.96,Normal
2026-01-06,Panhandle Solar A,ERCOT,fixed-shape,100,0.8,27.80,239.90,244.95,-2.1,0.00,,,6919.91,38.31,33.47,4.84,,,,,5335.48,2766.62,,,,,278325.61,,,4109.59,1369.86,-270223.51,5479.45,-275702.97,Normal
2026-01-07,Panhandle Solar A,ERCOT,fixed-shape,100,0.8,27.80,216.20,220.57,-2.0,0.00,,,6278.67,31.81,30.52,1.29,,,,,4808.33,1599.33,,,,,209714.39,,,4109.59,1369.86,-203306.73,5479.45,-208786.18,Normal
2026-01-08,Panhandle Solar A,ERCOT,fixed-shape,100,0.8,27.80,236.72,243.36,-2.7,0.00,,,6936.25,32.89,28.97,3.92,,,,,5264.74,2299.75,,,,,239540.40,,,4109.59,1369.86,-231975.91,5479.45,-237455.36,Normal
2026-01-09,Panhandle Solar A,ERCOT,fixed-shape,100,0.8,27.80,239.52,245.54,-2.5,0.00,,,6948.76,35.24,30.00,5.25,,,,,5326.87,2693.38,,,,,257146.56,,,4109.59,1369.86,-249126.30,5479.45,-254605.76,Normal
2026-01-10,Panhandle Solar A,ERCOT,fixed-shape,100,0.8,27.80,232.88,241.48,-3.6,0.00,,,6796.67,28.93,25.33,3.60,,,,,5179.27,2018.26,,,,,206457.05,,,4109.59,1369.86,-199259.52,5479.45,-204738.97,Normal
2026-01-11,Panhandle Solar A,ERCOT,fixed-shape,100,0.8,27.80,222.35,227.73,-2.4,0.00,,,6482.09,39.14,34.88,4.25,,,,,4945.09,2496.94,,,,,266377.89,,,4109.59,1369.86,-258935.86,5479.45,-264415.31,Normal
2026-01-12,Panhandle Solar A,ERCOT,fixed-shape,100,0.8,27.80,205.10,211.39,-3.0,0.00,,,5859.34,39.29,34.41,4.88,,,,,4561.35,2412.19,,,,,241726.31,,,4109.59,1369.86,-234752.77,5479.45,-240232.22,Normal
2026-01-13,Panhandle Solar A,ERCOT,fixed-shape,100,0.8,27.80,201.67,207.57,-2.8,0.00,,,5901.17,31.56,28.60,2.96,,,,,4485.08,1751.20,,,,,195571.10,,,4109.59,1369.86,-189334.81,5479.45,-194814.27,Normal
2026-01-14,Panhandle Solar A,ERCOT,fixed-shape,100,0.8,27.80,210.24,220.13,-4.5,0.00,,,6328.37,38.55,34.05,4.50,,,,,4675.82,2378.33,,,,,256182.71,,,4109.59,1369.86,-249128.55,5479.45,-254608.00,Normal
2026-01-15,Panhandle Solar A,ERCOT,fixed-shape,100,0.8,27.80,207.65,215.51,-3.6,0.00,,,6249.22,27.91,26.96,0.96,,,,,4618.23,1318.21,,,,,183152.84,,,4109.59,1369.86,-177216.40,5479.45,-182695.85,Normal
2026-01-16,Panhandle Solar A,ERCOT,fixed-shape,100,0.8,27.80,217.36,223.76,-2.9,0.00,,,6181.30,38.17,34.65,3.52,,,,,4834.07,2271.24,,,,,247710.12,,,4109.59,1369.86,-240604.81,5479.45,-246084.27,Normal
2026-01-17,Panhandle Solar A,ERCOT,fixed-shape,100,0.8,27.80,218.90,229.53,-4.6,0.00,,,6370.31,33.65,29.62,4.03,,,,,4868.27,2179.74,,,,,225084.49,,,4109.59,1369.86,-218036.48,5479.45,-223515.94,Normal
2026-01-18,Panhandle Solar A,ERCOT,fixed-shape,100,0.8,27.80,231.37,239.32,-3.3,0.00,,,6600.04,34.73,29.01,5.72,,,,,5145.61,2666.04,,,,,240676.19,,,4109.59,1369.86,-232864.54,5479.45,-238344.00,Normal
2026-01-19,Panhandle Solar A,ERCOT,fixed-shape,100,0.8,27.80,222.88,233.91,-4.7,0.00,,,6429.50,36.91,31.77,5.13,,,,,4956.75,2560.69,,,,,249172.42,,,4109.59,1369.86,-241654.97,5479.45,-247134.43,Normal
2026-01-20,Panhandle Solar A,ERCOT,fixed-shape,100,0.8,27.80,216.61,223.19,-2.9,0.00,,,6299.93,26.37,25.25,1.12,,,,,4817.51,1337.18,,,,,174432.95,,,4109.59,1369.86,-168278.26,5479.45,-173757.71,Normal
2026-01-21,Panhandle Solar A,ERCOT,fixed-shape,100,0.8,27.80,201.65,210.59,-4.2,0.00,,,5937.63,30.92,26.15,4.77,,,,,4484.73,2016.13,,,,,192763.34,,,4109.59,1369.86,-186262.48,5479.45,-191741.94,Normal
2026-01-22,Panhandle Solar A,ERCOT,fixed-shape,100,0.8,27.80,204.58,208.85,-2.0,0.00,,,5992.65,35.71,31.14,4.57,,,,,4549.76,2209.61,,,,,224721.17,,,4109.59,1369.86,-217961.79,5479.45,-223441.25,Normal
2026-01-23,Panhandle Solar A,ERCOT,fixed-shape,100,0.8,27.80,225.18,233.25,-3.5,0.00,,,6620.50,36.03,31.39,4.64,,,,,5007.95,2458.44,,,,,250468.26,,,4109.59,1369.86,-243001.86,5479.45,-248481.31,Normal
2026-01-24,Panhandle Solar A,ERCOT,fixed-shape,100,0.8,27.80,210.44,219.03,-3.9,0.00,,,6207.07,33.09,30.11,2.98,,,,,4680.26,1894.87,,,,,215666.53,,,4109.59,1369.86,-209091.40,5479.45,-214570.85,Normal
2026-01-25,Panhandle Solar A,ERCOT,fixed-shape,100,0.8,27.80,206.81,211.00,-2.0,0.00,,,6016.10,32.24,26.37,5.87,,,,,4599.38,2305.17,,,,,203649.04,,,4109.59,1369.86,-196744.49,5479.45,-202223.94,Normal
2026-01-26,Panhandle Solar A,ERCOT,fixed-shape,100,0.8,27.80,215.37,222.63,-3.3,0.00,,,6378.60,36.85,32.43,4.42,,,,,4789.77,2349.46,,,,,246798.64,,,4109.59,1369.86,-239659.41,5479.45,-245138.86,Normal
2026-01-27,Panhandle Solar A,ERCOT,fixed-shape,100,0.8,27.80,208.57,214.60,-2.8,0.00,,,5928.48,38.71,34.99,3.72,,,,,4638.52,2235.55,,,,,240985.68,,,4109.59,1369.86,-234111.61,5479.45,-239591.06,Normal
2026-01-28,Panhandle Solar A,ERCOT,fixed-shape,100,0.8,27.80,218.14,223.85,-2.6,0.00,,,6308.75,29.08,25.59,3.48,,,,,4851.36,1876.52,,,,,192613.91,,,4109.59,1369.86,-185886.03,5479.45,-191365.48,Normal
2026-01-29,Panhandle Solar A,ERCOT,fixed-shape,100,0.8,27.80,220.50,230.64,-4.4,0.00,,,6167.88,29.64,26.27,3.37,,,,,4903.91,1902.39,,,,,191974.74,,,4109.59,1369.86,-185168.43,5479.45,-190647.89,Normal
2026-01-30,Panhandle Solar A,ERCOT,fixed-shape,100,0.8,27.80,233.67,240.29,-2.8,0.00,,,6760.51,40.19,34.36,5.83,,,,,5196.76,2967.24,,,,,285284.87,,,4109.59,1369.86,-277120.88,5479.45,-282600.33,Normal
2026-01-31,Panhandle Solar A,ERCOT,fixed-shape,100,0.8,27.80,198.41,203.97,-2.7,0.00,,,5804.56,37.81,33.28,4.52,,,,,4412.57,2218.08,,,,,230420.82,,,4109.59,1369.86,-223790.17,5479.45,-229269.62,Normal
2026-02-01,Panhandle Solar A,ERCOT,fixed-shape,100,0.8,27.80,216.38,222.02,-2.5,0.00,,,6366.03,33.36,31.89,1.47,,,,,4812.21,1699.02,,,,,222995.39,,,4109.59,1369.86,-216484.16,5479.45,-221963.61,Normal
2026-02-02,Panhandle Solar A,ERCOT,fixed-shape,100,0.8,27.80,234.58,244.23,-3.9,0.00,,,6884.69,27.98,25.01,2.96,,,,,5217.11,1868.83,,,,,202231.37,,,4109.59,1369.86,-195145.43,5479.45,-200624.88,Normal
2026-02-03,Panhandle Solar A,ERCOT,fixed-shape,100,0.8,27.80,223.77,234.16,-4.4,0.00,,,6592.21,31.51,26.37,5.14,,,,,4976.69,2329.54,,,,,218088.09,,,4109.59,1369.86,-210781.86,5479.45,-216261.31,Normal
2026-02-04,Panhandle Solar A,ERCOT,fixed-shape,100,0.8,27.80,238.82,244.22,-2.2,0.00,,,6952.71,30.57,26.00,4.56,,,,,5311.42,2331.97,,,,,223157.98,,,4109.59,1369.86,-215514.59,5479.45,-220994.04,Normal
2026-02-05,Panhandle Solar A,ERCOT,fixed-shape,100,0.8,27.80,239.08,246.02,-2.8,0.00,,,6916.82,35.29,30.18,5.12,,,,,5317.08,2666.42,,,,,256335.26,,,4109.59,1369.86,-248351.77,5479.45,-253831.22,Normal
2026-02-06,Panhandle Solar A,ERCOT,fixed-shape,100,0.8,27.80,207.63,217.14,-4.4,0.00,,,5857.86,35.57,30.68,4.89,,,,,4617.58,2289.49,,,,,218807.43,,,4109.59,1369.86,-211900.36,5479.45,-217379.81,Normal
2026-02-07,Panhandle Solar A,ERCOT,fixed-shape,100,0.8,27.80,231.11,240.60,-3.9,0.00,,,6914.24,30.48,25.82,4.66,,,,,5139.83,2269.71,,,,,221286.43,,,4109.59,1369.86,-213876.89,5479.45,-219356.35,Normal
2026-02-08,Panhandle Solar A,ERCOT,fixed-shape,100,0.8,27.80,214.97,224.73,-4.3,0.00,,,6156.92,26.73,25.58,1.15,,,,,4780.93,1347.33,,,,,172808.23,,,4109.59,1369.86,-166679.97,5479.45,-172159.42,Normal
2026-02-09,Panhandle Solar A,ERCOT,fixed-shape,100,0.8,27.80,228.05,233.75,-2.4,0.00,,,6502.55,29.71,26.27,3.44,,,,,5071.75,1982.76,,,,,202850.25,,,4109.59,1369.86,-195795.75,5479.45,-201275.20,Normal
2026-02-10,Panhandle Solar A,ERCOT,fixed-shape,100,0.8,27.80,226.40,233.42,-3.0,0.00,,,6699.32,28.91,27.55,1.36,,,,,5035.04,1555.59,,,,,203375.50,,,4109.59,1369.86,-196784.87,5479.45,-202264.32,Normal
2026-02-11,Panhandle Solar A,ERCOT,fixed-shape,100,0.8,27.80,209.96,218.82,-4.1,0.00,,,6064.13,33.15,29.19,3.96,,,,,4669.45,2056.66,,,,,211080.90,,,4109.59,1369.86,-204354.79,5479.45,-209834.24,Normal
2026-02-12,Panhandle Solar A,ERCOT,fixed-shape,100,0.8,27.80,213.05,222.71,-4.3,0.00,,,6112.46,30.80,28.27,2.53,,,,,4738.12,1743.24,,,,,197682.89,,,4109.59,1369.86,-191201.53,5479.45,-196680.98,Normal
2026-02-13,Panhandle Solar A,ERCOT,fixed-shape,100,0.8,27.80,223.22,230.43,-3.1,0.00,,,6453.35,32.77,27.33,5.44,,,,,4964.31,2434.05,,,,,222039.93,,,4109.59,1369.86,-214641.58,5479.45,-220121.03,Normal
2026-02-14,Panhandle Solar A,ERCOT,fixed-shape,100,0.8,27.80,236.84,242.24,-2.2,0.00,,,6904.35,38.53,34.21,4.32,,,,,5267.33,2643.54,,,,,279339.54,,,4109.59,1369.86,-271428.67,5479.45,-276908.12,Normal
2026-02-15,Panhandle Solar A,ERCOT,fixed-shape,100,0.8,27.80,211.31,217.53,-2.9,0.00,,,6235.68,38.08,33.01,5.07,,,,,4699.47,2467.09,,,,,249340.03,,,4109.59,1369.86,-242173.48,5479.45,-247652.93,Normal
2026-02-16,Panhandle Solar A,ERCOT,fixed-shape,100,0.8,27.80,207.08,213.14,-2.8,0.00,,,6119.27,28.39,27.65,0.74,,,,,4605.44,1297.65,,,,,182389.85,,,4109.59,1369.86,-176486.76,5479.45,-181966.22,Normal
2026-02-17,Panhandle Solar A,ERCOT,fixed-shape,100,0.8,27.80,229.60,234.40,-2.1,0.00,,,6762.07,34.16,29.04,5.12,,,,,5106.28,2508.84,,,,,242557.35,,,4109.59,1369.86,-234942.23,5479.45,-240421.68,Normal
2026-02-18,Panhandle Solar A,ERCOT,fixed-shape,100,0.8,27.80,220.29,226.41,-2.7,0.00,,,6334.16,33.72,33.13,0.60,,,,,4899.34,1591.01,,,,,224294.99,,,4109.59,1369.86,-217804.64,5479.45,-223284.09,Normal
2026-02-19,Panhandle Solar A,ERCOT,fixed-shape,100,0.8,27.80,214.42,223.10,-3.9,0.00,,,6317.70,29.88,26.73,3.16,,,,,4768.61,1822.67,,,,,198232.14,,,4109.59,1369.86,-191640.85,5479.45,-197120.30,Normal
2026-02-20,Panhandle Solar A,ERCOT,fixed-shape,100,0.8,27.80,227.43,235.56,-3.5,0.00,,,6832.68,36.59,31.31,5.28,,,,,5057.93,2625.27,,,,,262504.74,,,4109.59,1369.86,-254821.53,5479.45,-260300.99,Normal
2026-02-21,Panhandle Solar A,ERCOT,fixed-shape,100,0.8,27.80,230.77,235.80,-2.1,0.00,,,6707.52,40.10,34.92,5.18,,,,,5132.43,2807.84,,,,,282415.10,,,4109.59,1369.86,-274474.83,5479.45,-279954.28,Normal
2026-02-22,Panhandle Solar A,ERCOT,fixed-shape,100,0.8,27.80,241.86,252.79,-4.3,0.00,,,6926.91,38.03,33.45,4.57,,,,,5379.01,2724.40,,,,,276573.17,,,4109.59,1369.86,-268469.76,5479.45,-273949.21,Normal
2026-02-23,Panhandle Solar A,ERCOT,fixed-shape,100,0.8,27.80,232.57,240.65,-3.4,0.00,,,6604.58,29.17,25.90,3.27,,,,,5172.45,1964.40,,,,,202277.24,,,4109.59,1369.86,-195140.38,5479.45,-200619.83,Normal
2026-02-24,Panhandle Solar A,ERCOT,fixed-shape,100,0.8,27.80,202.89,212.10,-4.3,0.00,,,5797.93,37.41,33.61,3.81,,,,,4512.31,2136.23,,,,,227771.48,,,4109.59,1369.86,-221122.93,5479.45,-226602.39,Normal
2026-02-25,Panhandle Solar A,ERCOT,fixed-shape,100,0.8,27.80,218.70,229.17,-4.6,0.00,,,6256.02,37.43,32.87,4.56,,,,,4863.84,2435.27,,,,,245879.01,,,4109.59,1369.86,-238579.90,5479.45,-244059.35,Normal
2026-02-26,Panhandle Solar A,ERCOT,fixed-shape,100,0.8,27.80,219.95,230.73,-4.7,0.00,,,6148.24,32.99,27.21,5.78,,,,,4891.72,2467.90,,,,,212954.79,,,4109.59,1369.86,-205595.17,5479.45,-211074.62,Normal
2026-02-27,Panhandle Solar A,ERCOT,fixed-shape,100,0.8,27.80,230.99,236.08,-2.2,0.00,,,6663.43,28.07,27.57,0.50,,,,,5137.13,1389.44,,,,,196383.99,,,4109.59,1369.86,-189857.42,5479.45,-195336.87,Normal
2026-02-28,Panhandle Solar A,ERCOT,fixed-shape,100,0.8,27.80,231.19,236.32,-2.2,0.00,,,6647.92,37.07,33.46,3.62,,,,,5141.57,2382.84,,,,,258782.03,,,4109.59,1369.86,-251257.62,5479.45,-256737.07,Normal
2026-01-01,Austin Solar Farm,ERCOT,proxy-gen,60,0.7,30.10,121.83,124.87,-2.4,0.00,126.57,-4.75,,27.38,26.57,0.81,,,,,2566.89,1069.59,,,,,,130.00,,2465.75,821.92,3506.48,3287.67,218.81,Normal
2026-01-02,Austin Solar Farm,ERCOT,proxy-gen,60,0.7,30.10,133.99,137.85,-2.8,0.00,136.16,-2.17,,33.59,31.00,2.59,,,,,2823.17,1593.24,,,,,,72.93,,2465.75,821.92,4343.48,3287.67,1055.81,Normal
2026-01-03,Austin Solar Farm,ERCOT,proxy-gen,60,0.7,30.10,125.56,129.75,-3.2,0.00,122.59,2.97,,33.09,29.65,3.44,,,,,2645.53,1548.79,,,,,,,,2465.75,821.92,4194.31,3287.67,906.64,Normal
2026-01-04,Austin Solar Farm,ERCOT,proxy-gen,60,0.7,30.10,140.76,147.24,-4.4,0.00,140.41,0.35,,36.59,33.82,2.78,,,,,2965.88,1818.84,,,,,,,,2465.75,821.92,4784.72,3287.67,1497.05,Normal
2026-01-05,Austin Solar Farm,ERCOT,proxy-gen,60,0.7,30.10,140.81,144.16,-2.3,0.00,139.73,1.08,,40.87,34.88,5.99,,,,,2966.80,2317.02,,,,,,,,2465.75,821.92,5283.82,3287.67,1996.15,Normal
2026-01-06,Austin Solar Farm,ERCOT,proxy-gen,60,0.7,30.10,139.56,144.96,-3.7,0.00,139.87,-0.31,,32.21,29.20,3.02,,,,,2940.47,1643.63,,,,,,10.14,,2465.75,821.92,4573.95,3287.67,1286.28,Normal
2026-01-07,Austin Solar Farm,ERCOT,proxy-gen,60,0.7,30.10,137.49,140.40,-2.1,0.00,134.40,3.09,,31.37,26.44,4.93,,,,,2896.95,1768.06,,,,,,,,2465.75,821.92,4665.01,3287.67,1377.34,Winter Storm
2026-01-08,Austin Solar Farm,ERCOT,proxy-gen,60,0.7,30.10,142.10,145.36,-2.2,0.00,147.34,-5.24,,30.39,26.34,4.05,,,,,2994.02,1698.65,,,,,,159.33,,2465.75,821.92,4533.35,3287.67,1245.67,Normal
2026-01-09,Austin Solar Farm,ERCOT,proxy-gen,60,0.7,30.10,128.74,132.52,-2.8,0.00,128.83,-0.09,,31.93,26.36,5.58,,,,,2712.57,1736.02,,,,,,2.79,,2465.75,821.92,4445.80,3287.67,1158.13,Winter Storm
2026-01-10,Austin Solar Farm,ERCOT,proxy-gen,60,0.7,30.10,126.78,129.43,-2.0,0.00,125.16,1.62,,36.49,30.94,5.55,,,,,2671.27,1880.01,,,,,,,,2465.75,821.92,4551.28,3287.67,1263.61,Normal
2026-01-11,Austin Solar Farm,ERCOT,proxy-gen,60,0.7,30.10,129.85,135.09,-3.9,0.00,126.86,3.00,,30.77,29.10,1.67,,,,,2736.02,1350.35,,,,,,,,2465.75,821.92,4086.37,3287.67,798.70,Normal
2026-01-12,Austin Solar Farm,ERCOT,proxy-gen,60,0.7,30.10,120.95,124.63,-3.0,0.00,117.95,3.00,,35.05,29.67,5.39,,,,,2548.41,1727.79,,,,,,,,2465.75,821.92,4276.20,3287.67,988.53,Normal
2026-01-13,Austin Solar Farm,ERCOT,proxy-gen,60,0.7,30.10,122.60,128.22,-4.4,0.00,119.67,2.93,,35.66,32.11,3.55,,,,,2583.21,1615.77,,,,,,,,2465.75,821.92,4198.98,3287.67,911.31,Normal
2026-01-14,Austin Solar Farm,ERCOT,proxy-gen,60,0.7,30.10,143.51,148.06,-3.1,0.00,136.85,6.67,,35.25,32.08,3.16,,,,,3023.84,1835.39,,,,,,,,2465.75,821.92,4859.23,3287.67,1571.56,Normal
2026-01-15,Austin Solar Farm,ERCOT,proxy-gen,60,0.7,30.10,128.22,131.78,-2.7,0.00,132.17,-3.95,,37.51,32.63,4.88,,,,,2701.55,1880.66,,,,,,148.29,,2465.75,821.92,4433.92,3287.67,1146.25,Normal
2026-01-16,Austin Solar Farm,ERCOT,proxy-gen,60,0.7,30.10,122.49,128.41,-4.6,0.00,117.24,5.25,,39.43,33.89,5.54,,,,,2580.95,1923.71,,,,,,,,2465.75,821.92,4504.67,3287.67,1217.00,Normal
2026-01-17,Austin Solar Farm,ERCOT,proxy-gen,60,0.7,30.10,127.02,131.42,-3.3,0.00,128.69,-1.66,,29.28,26.77,2.52,,,,,2676.33,1339.68,,,,,,48.74,,2465.75,821.92,3967.27,3287.67,679.60,Normal
2026-01-18,Austin Solar Farm,ERCOT,proxy-gen,60,0.7,30.10,138.30,141.89,-2.5,0.00,136.54,1.75,,30.56,25.14,5.42,,,,,2913.88,1792.10,,,,,,,,2465.75,821.92,4705.99,3287.67,1418.31,Normal
2026-01-19,Austin Solar Farm,ERCOT,proxy-gen,60,0.7,30.10,133.82,139.41,-4.0,0.00,135.11,-1.29,,34.36,28.38,5.98,,,,,2819.49,1940.01,,,,,,44.31,,2465.75,821.92,4715.19,3287.67,1427.52,Normal
2026-01-20,Austin Solar Farm,ERCOT,proxy-gen,60,0.7,30.10,141.61,146.00,-3.0,0.00,143.74,-2.13,,28.77,25.37,3.40,,,,,2983.76,1558.77,,,,,,61.33,,2465.75,821.92,4481.20,3287.67,1193.53,Normal
2026-01-21,Austin Solar Farm,ERCOT,proxy-gen,60,0.7,30.10,121.04,125.75,-3.7,0.00,118.63,2.41,,35.06,31.62,3.44,,,,,2550.22,1564.98,,,,,,,,2465.75,821.92,4115.20,3287.67,827.53,Normal
2026-01-22,Austin Solar Farm,ERCOT,proxy-gen,60,0.7,30.10,117.81,122.65,-3.9,0.00,115.40,2.41,,28.62,25.39,3.23,,,,,2482.28,1277.68,,,,,,,,2465.75,821.92,3759.96,3287.67,472.29,Normal
2026-01-23,Austin Solar Farm,ERCOT,proxy-gen,60,0.7,30.10,126.80,130.21,-2.6,0.00,132.99,-6.20,,30.81,27.96,2.85,,,,,2671.61,1424.87,,,,,,190.90,,2465.75,821.92,3905.57,3287.67,617.90,Normal
2026-01-24,Austin Solar Farm,ERCOT,proxy-gen,60,0.7,30.10,120.18,124.17,-3.2,0.00,121.65,-1.46,,35.51,33.78,1.72,,,,,2532.29,1425.13,,,,,,51.98,,2465.75,821.92,3905.45,3287.67,617.77,Normal
2026-01-25,Austin Solar Farm,ERCOT,proxy-gen,60,0.7,30.10,132.10,135.37,-2.4,0.00,130.99,1.11,,35.78,30.91,4.87,,,,,2783.29,1868.73,,,,,,,,2465.75,821.92,4652.03,3287.67,1364.36,Normal
2026-01-26,Austin Solar Farm,ERCOT,proxy-gen,60,0.7,30.10,128.20,131.98,-2.9,0.00,130.83,-2.62,,36.30,31.78,4.52,,,,,2701.27,1801.54,,,,,,95.20,,2465.75,821.92,4407.62,3287.67,1119.95,Normal
2026-01-27,Austin Solar Farm,ERCOT,proxy-gen,60,0.7,30.10,142.88,148.13,-3.5,0.00,149.85,-6.97,,28.59,25.55,3.05,,,,,3010.52,1530.68,,,,,,199.30,,2465.75,821.92,4341.91,3287.67,1054.24,Normal
2026-01-28,Austin Solar Farm,ERCOT,proxy-gen,60,0.7,30.10,138.01,144.09,-4.2,0.00,137.30,0.72,,36.48,33.57,2.92,,,,,2907.97,1792.16,,,,,,,,2465.75,821.92,4700.13,3287.67,1412.46,Normal
2026-01-29,Austin Solar Farm,ERCOT,proxy-gen,60,0.7,30.10,132.26,138.68,-4.6,0.00,130.45,1.81,,29.63,25.54,4.09,,,,,2786.71,1554.51,,,,,,,,2465.75,821.92,4341.22,3287.67,1053.55,Normal
2026-01-30,Austin Solar Farm,ERCOT,proxy-gen,60,0.7,30.10,135.58,141.15,-3.9,0.00,129.43,6.16,,28.22,26.64,1.58,,,,,2856.77,1297.24,,,,,,,,2465.75,821.92,4154.02,3287.67,866.34,Normal
2026-01-31,Austin Solar Farm,ERCOT,proxy-gen,60,0.7,30.10,124.32,129.00,-3.6,0.00,127.70,-3.38,,35.35,29.51,5.85,,,,,2619.44,1827.29,,,,,,119.61,,2465.75,821.92,4327.12,3287.67,1039.45,Normal
2026-02-01,Austin Solar Farm,ERCOT,proxy-gen,60,0.7,30.10,133.43,137.65,-3.1,0.00,134.77,-1.34,,37.67,33.83,3.85,,,,,2811.33,1867.25,,,,,,50.54,,2465.75,821.92,4628.03,3287.67,1340.36,Normal
2026-02-02,Austin Solar Farm,ERCOT,proxy-gen,60,0.7,30.10,143.84,150.43,-4.4,0.00,146.88,-3.05,,37.56,34.36,3.20,,,,,3030.65,1943.19,,,,,,114.46,,2465.75,821.92,4859.37,3287.67,1571.70,Normal
2026-02-03,Austin Solar Farm,ERCOT,proxy-gen,60,0.7,30.10,128.77,133.55,-3.6,0.00,130.92,-2.15,,34.62,29.17,5.44,,,,,2713.10,1828.13,,,,,,74.52,,2465.75,821.92,4466.71,3287.67,1179.04,Normal
2026-02-04,Austin Solar Farm,ERCOT,proxy-gen,60,0.7,30.10,137.63,143.24,-3.9,0.00,134.81,2.82,,34.26,32.54,1.72,,,,,2899.90,1580.26,,,,,,,,2465.75,821.92,4480.17,3287.67,1192.50,Normal
2026-02-05,Austin Solar Farm,ERCOT,proxy-gen,60,0.7,30.10,144.42,151.46,-4.6,0.00,151.29,-6.87,,30.67,28.13,2.55,,,,,3042.97,1586.23,,,,,,210.77,,2465.75,821.92,4418.43,3287.67,1130.76,Normal
2026-02-06,Austin Solar Farm,ERCOT,proxy-gen,60,0.7,30.10,141.61,145.69,-2.8,0.00,137.04,4.57,,34.93,31.83,3.11,,,,,2983.72,1792.25,,,,,,,,2465.75,821.92,4775.97,3287.67,1488.30,Normal
2026-02-07,Austin Solar Farm,ERCOT,proxy-gen,60,0.7,30.10,125.04,131.04,-4.6,0.00,126.48,-1.45,,36.12,31.62,4.50,,,,,2634.56,1749.29,,,,,,52.22,,2465.75,821.92,4331.63,3287.67,1043.96,Normal
2026-02-08,Austin Solar Farm,ERCOT,proxy-gen,60,0.7,30.10,133.09,137.19,-3.0,0.00,129.34,3.75,,38.51,32.53,5.99,,,,,2804.25,2095.69,,,,,,,,2465.75,821.92,4899.94,3287.67,1612.26,Normal
2026-02-09,Austin Solar Farm,ERCOT,proxy-gen,60,0.7,30.10,148.11,152.78,-3.1,0.00,148.70,-0.60,,33.21,27.83,5.38,,,,,3120.61,2032.89,,,,,,19.79,,2465.75,821.92,5133.72,3287.67,1846.04,Normal
2026-02-10,Austin Solar Farm,ERCOT,proxy-gen,60,0.7,30.10,138.47,144.03,-3.9,0.00,142.26,-3.79,,36.51,33.65,2.86,,,,,2917.64,1794.43,,,,,,138.33,,2465.75,821.92,4573.74,3287.67,1286.07,Normal
2026-02-11,Austin Solar Farm,ERCOT,proxy-gen,60,0.7,30.10,137.39,142.44,-3.5,0.00,138.42,-1.03,,31.13,27.28,3.86,,,,,2894.81,1654.32,,,,,,32.07,,2465.75,821.92,4517.06,3287.67,1229.39,Normal
2026-02-12,Austin Solar Farm,ERCOT,proxy-gen,60,0.7,30.10,131.57,137.31,-4.2,0.00,128.96,2.61,,29.90,25.87,4.03,,,,,2772.16,1551.38,,,,,,,,2465.75,821.92,4323.54,3287.67,1035.87,Normal
2026-02-13,Austin Solar Farm,ERCOT,proxy-gen,60,0.7,30.10,137.99,143.77,-4.0,0.00,136.24,1.75,,38.94,34.49,4.44,,,,,2907.48,2041.05,,,,,,,,2465.75,821.92,4948.53,3287.67,1660.85,Normal
2026-02-14,Austin Solar Farm,ERCOT,proxy-gen,60,0.7,30.10,121.87,125.12,-2.6,0.00,125.95,-4.08,,32.24,26.94,5.30,,,,,2567.90,1630.90,,,,,,131.54,,2465.75,821.92,4067.26,3287.67,779.59,Normal
2026-02-15,Austin Solar Farm,ERCOT,proxy-gen,60,0.7,30.10,138.42,143.91,-3.8,0.00,132.88,5.54,,34.81,31.20,3.61,,,,,2916.53,1795.43,,,,,,,,2465.75,821.92,4711.96,3287.67,1424.29,Normal
2026-02-16,Austin Solar Farm,ERCOT,proxy-gen,60,0.7,30.10,131.16,137.09,-4.3,0.00,126.36,4.80,,36.45,32.33,4.12,,,,,2763.54,1812.49,,,,,,,,2465.75,821.92,4576.03,3287.67,1288.36,Normal
2026-02-17,Austin Solar Farm,ERCOT,proxy-gen,60,0.7,30.10,126.67,129.27,-2.0,0.00,126.76,-0.09,,29.23,25.31,3.92,,,,,2668.89,1458.14,,,,,,2.66,,2465.75,821.92,4124.38,3287.67,836.71,Normal
2026-02-18,Austin Solar Farm,ERCOT,proxy-gen,60,0.7,30.10,143.46,148.52,-3.4,0.00,141.98,1.48,,35.49,30.02,5.47,,,,,3022.62,2076.45,,,,,,,,2465.75,821.92,5099.07,3287.67,1811.39,Normal
2026-02-19,Austin Solar Farm,ERCOT,proxy-gen,60,0.7,30.10,136.36,141.09,-3.3,0.00,130.40,5.96,,29.50,28.69,0.81,,,,,2873.20,1284.34,,,,,,,,2465.75,821.92,4157.54,3287.67,869.87,Normal
2026-02-20,Austin Solar Farm,ERCOT,proxy-gen,60,0.7,30.10,130.17,133.46,-2.5,0.00,132.17,-2.00,,34.08,28.65,5.42,,,,,2742.77,1825.04,,,,,,68.17,,2465.75,821.92,4499.64,3287.67,1211.97,Normal
2026-02-21,Austin Solar Farm,ERCOT,proxy-gen,60,0.7,30.10,128.40,133.45,-3.8,0.00,124.70,3.70,,31.88,26.87,5.01,,,,,2705.47,1678.41,,,,,,,,2465.75,821.92,4383.88,3287.67,1096.21,Normal
2026-02-22,Austin Solar Farm,ERCOT,proxy-gen,60,0.7,30.10,122.80,127.58,-3.7,0.00,117.14,5.66,,31.61,30.72,0.89,,,,,2587.46,1240.83,,,,,,,,2465.75,821.92,3828.29,3287.67,540.61,Normal
2026-02-23,Austin Solar Farm,ERCOT,proxy-gen,60,0.7,30.10,142.44,148.83,-4.3,0.00,143.87,-1.44,,36.08,32.95,3.14,,,,,3001.11,1854.57,,,,,,51.83,,2465.75,821.92,4803.86,3287.67,1516.19,Normal
2026-02-24,Austin Solar Farm,ERCOT,proxy-gen,60,0.7,30.10,124.21,127.25,-2.4,0.00,119.20,5.01,,32.40,29.76,2.64,,,,,2617.15,1436.42,,,,,,,,2465.75,821.92,4053.57,3287.67,765.90,Normal
2026-02-25,Austin Solar Farm,ERCOT,proxy-gen,60,0.7,30.10,133.37,138.15,-3.5,0.00,129.76,3.61,,36.86,33.02,3.83,,,,,2810.06,1832.64,,,,,,,,2465.75,821.92,4642.69,3287.67,1355.02,Normal
2026-02-26,Austin Solar Farm,ERCOT,proxy-gen,60,0.7,30.10,136.38,142.01,-4.0,0.00,140.33,-3.95,,31.29,30.78,0.51,,,,,2873.51,1328.98,,,,,,123.51,,2465.75,821.92,4078.98,3287.67,791.31,Normal
2026-02-27,Austin Solar Farm,ERCOT,proxy-gen,60,0.7,30.10,135.62,140.01,-3.1,0.00,139.47,-3.85,,34.27,29.82,4.44,,,,,2857.54,1815.91,,,,,,131.89,,2465.75,821.92,4541.57,3287.67,1253.90,Normal
2026-02-28,Austin Solar Farm,ERCOT,proxy-gen,60,0.7,30.10,129.08,132.97,-2.9,0.00,129.73,-0.65,,35.03,31.97,3.06,,,,,2719.65,1633.31,,,,,,22.87,,2465.75,821.92,4330.08,3287.67,1042.41,Normal
2026-01-01,Illinois Solar Farm A,PJM,as-gen,75,0.9,35.40,145.19,150.37,-3.4,0.00,,,,,,,38.89,35.69,155.55,-10.35,4625.88,,5551.97,496.97,0.00,457.86,,,,3082.19,1027.40,10216.97,4109.59,6107.38,Normal
2026-01-02,Illinois Solar Farm A,PJM,as-gen,75,0.9,35.40,158.38,161.55,-2.0,0.00,,,,,,,35.25,31.26,165.47,-7.09,5045.96,,5172.40,660.81,0.00,243.25,,,,3082.19,1027.40,10635.93,4109.59,6526.34,Normal
2026-01-03,Illinois Solar Farm A,PJM,as-gen,75,0.9,35.40,168.22,172.57,-2.5,0.00,,,,,,,40.59,37.44,161.79,6.43,5359.51,,6057.08,509.61,259.01,0.00,,,,3082.19,1027.40,12185.22,4109.59,8075.63,Normal
2026-01-04,Illinois Solar Farm A,PJM,as-gen,75,0.9,35.40,160.22,167.07,-4.1,0.00,,,,,,,40.61,37.69,159.22,1.01,5104.69,,6000.82,464.54,43.15,0.00,,,,3082.19,1027.40,11613.21,4109.59,7503.62,Winter Storm
2026-01-05,Illinois Solar Farm A,PJM,as-gen,75,0.9,35.40,153.79,157.29,-2.2,0.00,,,,,,,39.03,35.39,143.35,10.43,4899.60,,5073.21,522.11,478.84,0.00,,,,3082.19,1027.40,10973.76,4109.59,6864.17,Normal
2026-01-06,Illinois Solar Farm A,PJM,as-gen,75,0.9,35.40,163.58,168.08,-2.7,0.00,,,,,,,37.26,34.95,153.29,10.29,5211.63,,5357.12,354.39,449.56,0.00,,,,3082.19,1027.40,11372.71,4109.59,7263.12,Normal
2026-01-07,Illinois Solar Farm A,PJM,as-gen,75,0.9,35.40,173.55,182.15,-4.7,0.00,,,,,,,39.89,37.33,165.83,7.72,5529.35,,6190.27,424.62,323.77,0.00,,,,3082.19,1027.40,12468.02,4109.59,8358.43,Normal
2026-01-08,Illinois Solar Farm A,PJM,as-gen,75,0.9,35.40,174.86,179.46,-2.6,0.00,,,,,,,37.30,34.65,178.01,-3.16,5570.90,,6167.73,471.88,0.00,110.73,,,,3082.19,1027.40,12099.79,4109.59,7990.20,Normal
2026-01-09,Illinois Solar Farm A,PJM,as-gen,75,0.9,35.40,155.29,161.08,-3.6,0.00,,,,,,,34.03,31.83,149.58,5.72,4947.67,,4760.85,329.03,181.39,0.00,,,,3082.19,1027.40,10218.95,4109.59,6109.36,Normal
2026-01-10,Illinois Solar Farm A,PJM,as-gen,75,0.9,35.40,164.73,169.51,-2.8,0.00,,,,,,,37.63,34.50,162.05,2.68,5248.30,,5590.34,508.14,110.01,0.00,,,,3082.19,1027.40,11456.79,4109.59,7347.20,Normal
2026-01-11,Illinois Solar Farm A,PJM,as-gen,75,0.9,35.40,172.88,181.34,-4.7,0.00,,,,,,,34.74,31.59,177.01,-4.13,5508.11,,5592.04,557.90,0.00,130.58,,,,3082.19,1027.40,11527.47,4109.59,7417.88,Normal
2026-01-12,Illinois Solar Farm A,PJM,as-gen,75,0.9,35.40,160.42,166.66,-3.7,0.00,,,,,,,38.27,34.57,149.41,11.00,5110.85,,5165.70,552.50,381.78,0.00,,,,3082.19,1027.40,11210.83,4109.59,7101.24,Normal
2026-01-13,Illinois Solar Farm A,PJM,as-gen,75,0.9,35.40,159.71,163.01,-2.0,0.00,,,,,,,39.15,35.82,170.96,-11.25,5088.25,,6124.20,568.28,0.00,482.53,,,,3082.19,1027.40,11298.20,4109.59,7188.61,Normal
2026-01-14,Illinois Solar Farm A,PJM,as-gen,75,0.9,35.40,150.84,157.86,-4.4,0.00,,,,,,,34.97,32.47,145.63,5.21,4805.66,,4729.26,363.31,194.76,0.00,,,,3082.19,1027.40,10092.99,4109.59,5983.40,Normal
2026-01-15,Illinois Solar Farm A,PJM,as-gen,75,0.9,35.40,177.89,182.39,-2.5,0.00,,,,,,,38.04,34.78,181.76,-3.87,5667.61,,6321.66,592.91,0.00,154.07,,,,3082.19,1027.40,12428.12,4109.59,8318.53,Normal
2026-01-16,Illinois Solar Farm A,PJM,as-gen,75,0.9,35.40,167.23,172.30,-2.9,0.00,,,,,,,35.77,33.75,178.53,-11.29,5328.01,,6025.89,360.02,0.00,477.28,,,,3082.19,1027.40,11236.64,4109.59,7127.05,Normal
2026-01-17,Illinois Solar Farm A,PJM,as-gen,75,0.9,35.40,146.06,150.64,-3.0,0.00,,,,,,,34.95,32.10,139.97,6.09,4653.47,,4493.69,398.15,237.72,0.00,,,,3082.19,1027.40,9783.04,4109.59,5673.45,Normal
2026-01-18,Illinois Solar Farm A,PJM,as-gen,75,0.9,35.40,175.33,182.11,-3.7,0.00,,,,,,,33.54,31.50,162.70,12.63,5586.09,,5125.36,331.71,439.55,0.00,,,,3082.19,1027.40,11482.70,4109.59,7373.11,Normal
2026-01-19,Illinois Solar Farm A,PJM,as-gen,75,0.9,35.40,152.44,159.11,-4.2,0.00,,,,,,,36.33,32.64,163.45,-11.02,4856.68,,5335.46,602.67,0.00,348.01,,,,3082.19,1027.40,10446.80,4109.59,6337.21,Normal
2026-01-20,Illinois Solar Farm A,PJM,as-gen,75,0.9,35.40,154.14,157.38,-2.1,0.00,,,,,,,37.23,33.69,154.66,-0.52,4910.92,,5210.05,547.81,0.00,23.17,,,,3082.19,1027.40,10645.61,4109.59,6536.03,Normal
2026-01-21,Illinois Solar Farm A,PJM,as-gen,75,0.9,35.40,170.57,175.10,-2.6,0.00,,,,,,,34.17,30.90,165.79,4.79,5434.52,,5123.34,541.43,148.69,0.00,,,,3082.19,1027.40,11247.97,4109.59,7138.39,Normal
2026-01-22,Illinois Solar Farm A,PJM,as-gen,75,0.9,35.40,149.60,156.77,-4.6,0.00,,,,,,,41.23,37.98,139.06,10.54,4766.19,,5280.94,451.98,467.24,0.00,,,,3082.19,1027.40,10966.36,4109.59,6856.77,Normal
2026-01-23,Illinois Solar Farm A,PJM,as-gen,75,0.9,35.40,175.14,183.36,-4.5,0.00,,,,,,,36.76,33.88,169.39,5.75,5579.91,,5739.21,486.98,231.32,0.00,,,,3082.19,1027.40,12037.42,4109.59,7927.83,Normal
2026-01-24,Illinois Solar Farm A,PJM,as-gen,75,0.9,35.40,153.98,157.06,-2.0,0.00,,,,,,,37.86,35.10,146.23,7.75,4905.72,,5133.29,403.32,251.25,0.00,,,,3082.19,1027.40,10693.58,4109.59,6583.99,Normal
2026-01-25,Illinois Solar Farm A,PJM,as-gen,75,0.9,35.40,173.93,177.98,-2.3,0.00,,,,,,,36.32,34.19,183.25,-9.33,5541.27,,6264.62,390.95,0.00,303.35,,,,3082.19,1027.40,11893.49,4109.59,7783.90,Normal
2026-01-26,Illinois Solar Farm A,PJM,as-gen,75,0.9,35.40,155.98,163.46,-4.6,0.00,,,,,,,34.65,31.67,165.71,-9.73,4969.66,,5248.09,494.29,0.00,295.96,,,,3082.19,1027.40,10416.08,4109.59,6306.49,Normal
2026-01-27,Illinois Solar Farm A,PJM,as-gen,75,0.9,35.40,151.31,158.70,-4.7,0.00,,,,,,,34.23,30.78,152.08,-0.77,4820.73,,4680.44,524.72,0.00,24.04,,,,3082.19,1027.40,10001.84,4109.59,5892.26,Normal
2026-01-28,Illinois Solar Farm A,PJM,as-gen,75,0.9,35.40,156.59,160.57,-2.5,0.00,,,,,,,35.89,33.21,148.03,8.56,4988.94,,4916.28,395.97,368.65,0.00,,,,3082.19,1027.40,10669.83,4109.59,6560.24,Normal
2026-01-29,Illinois Solar Farm A,PJM,as-gen,75,0.9,35.40,162.34,170.10,-4.6,0.00,,,,,,,35.96,32.03,160.98,1.36,5172.14,,5156.49,631.56,48.49,0.00,,,,3082.19,1027.40,11008.68,4109.59,6899.09,Normal
2026-01-30,Illinois Solar Farm A,PJM,as-gen,75,0.9,35.40,179.27,185.84,-3.5,0.00,,,,,,,38.30,34.45,169.37,9.90,5711.67,,5834.89,652.39,327.46,0.00,,,,3082.19,1027.40,12526.41,4109.59,8416.82,Normal
2026-01-31,Illinois Solar Farm A,PJM,as-gen,75,0.9,35.40,155.35,162.30,-4.3,0.00,,,,,,,38.67,35.52,165.48,-10.13,4949.29,,5877.22,521.66,0.00,414.67,,,,3082.19,1027.40,10933.51,4109.59,6823.92,Normal
2026-02-01,Illinois Solar Farm A,PJM,as-gen,75,0.9,35.40,173.05,179.64,-3.7,0.00,,,,,,,33.65,30.09,169.80,3.25,5513.34,,5109.39,603.59,104.73,0.00,,,,3082.19,1027.40,11331.05,4109.59,7221.46,Winter Storm
2026-02-02,Illinois Solar Farm A,PJM,as-gen,75,0.9,35.40,162.59,167.76,-3.1,0.00,,,,,,,33.22,31.06,164.45,-1.86,5180.05,,5107.29,356.04,0.00,53.55,,,,3082.19,1027.40,10589.83,4109.59,6480.24,Normal
2026-02-03,Illinois Solar Farm A,PJM,as-gen,75,0.9,35.40,151.20,154.55,-2.2,0.00,,,,,,,38.86,36.21,161.46,-10.26,4817.21,,5847.14,427.36,0.00,351.43,,,,3082.19,1027.40,10740.27,4109.59,6630.68,Normal
2026-02-04,Illinois Solar Farm A,PJM,as-gen,75,0.9,35.40,162.01,169.23,-4.3,0.00,,,,,,,34.35,31.60,168.70,-6.68,5161.77,,5330.34,463.51,0.00,263.53,,,,3082.19,1027.40,10692.10,4109.59,6582.51,Normal
2026-02-05,Illinois Solar Farm A,PJM,as-gen,75,0.9,35.40,151.15,155.10,-2.5,0.00,,,,,,,36.70,34.19,150.74,0.41,4815.60,,5153.16,379.46,16.66,0.00,,,,3082.19,1027.40,10364.87,4109.59,6255.28,Normal
2026-02-06,Illinois Solar Farm A,PJM,as-gen,75,0.9,35.40,166.41,171.68,-3.1,0.00,,,,,,,35.87,32.17,170.67,-4.26,5301.76,,5490.56,632.19,0.00,176.24,,,,3082.19,1027.40,11248.27,4109.59,7138.69,Winter Storm
2026-02-07,Illinois Solar Farm A,PJM,as-gen,75,0.9,35.40,175.06,183.43,-4.6,0.00,,,,,,,32.67,30.17,175.88,-0.82,5577.44,,5306.78,438.79,0.00,26.02,,,,3082.19,1027.40,11296.99,4109.59,7187.40,Normal
2026-02-08,Illinois Solar Farm A,PJM,as-gen,75,0.9,35.40,159.28,162.60,-2.0,0.00,,,,,,,37.00,34.44,150.40,8.88,5074.59,,5179.76,385.09,382.28,0.00,,,,3082.19,1027.40,11021.71,4109.59,6912.12,Normal
2026-02-09,Illinois Solar Farm A,PJM,as-gen,75,0.9,35.40,153.25,157.26,-2.6,0.00,,,,,,,34.19,31.11,160.61,-7.36,4882.49,,4996.26,495.10,0.00,289.82,,,,3082.19,1027.40,10084.04,4109.59,5974.45,Normal
2026-02-10,Illinois Solar Farm A,PJM,as-gen,75,0.9,35.40,175.36,180.53,-2.9,0.00,,,,,,,40.49,37.04,182.80,-7.45,5586.87,,6770.54,631.43,0.00,349.21,,,,3082.19,1027.40,12639.63,4109.59,8530.04,Normal
2026-02-11,Illinois Solar Farm A,PJM,as-gen,75,0.9,35.40,164.20,170.27,-3.6,0.00,,,,,,,34.31,31.85,169.12,-4.92,5231.30,,5385.98,416.77,0.00,164.81,,,,3082.19,1027.40,10869.24,4109.59,6759.65,Normal
2026-02-12,Illinois Solar Farm A,PJM,as-gen,75,0.9,35.40,161.99,166.54,-2.7,0.00,,,,,,,36.79,33.30,174.64,-12.65,5160.87,,5816.28,608.57,0.00,519.18,,,,3082.19,1027.40,11066.55,4109.59,6956.96,Normal
2026-02-13,Illinois Solar Farm A,PJM,as-gen,75,0.9,35.40,175.91,182.65,-3.7,0.00,,,,,,,39.13,35.94,176.62,-0.71,5604.48,,6347.67,562.99,0.00,32.13,,,,3082.19,1027.40,12483.00,4109.59,8373.42,Normal
2026-02-14,Illinois Solar Farm A,PJM,as-gen,75,0.9,35.40,166.79,171.58,-2.8,0.00,,,,,,,35.79,33.18,175.53,-8.74,5313.96,,5824.98,457.99,0.00,316.53,,,,3082.19,1027.40,11280.40,4109.59,7170.81,Normal
2026-02-15,Illinois Solar Farm A,PJM,as-gen,75,0.9,35.40,168.80,174.27,-3.1,0.00,,,,,,,35.96,33.61,171.24,-2.44,5378.01,,5754.90,403.74,0.00,96.45,,,,3082.19,1027.40,11440.21,4109.59,7330.62,Normal
2026-02-16,Illinois Solar Farm A,PJM,as-gen,75,0.9,35.40,162.84,169.96,-4.2,0.00,,,,,,,37.99,34.09,159.68,3.16,5188.17,,5444.08,622.68,118.08,0.00,,,,3082.19,1027.40,11373.02,4109.59,7263.43,Normal
2026-02-17,Illinois Solar Farm A,PJM,as-gen,75,0.9,35.40,177.79,181.98,-2.3,0.00,,,,,,,33.46,31.05,181.28,-3.49,5664.48,,5629.18,436.10,0.00,109.49,,,,3082.19,1027.40,11620.27,4109.59,7510.69,Normal
2026-02-18,Illinois Solar Farm A,PJM,as-gen,75,0.9,35.40,172.86,179.53,-3.7,0.00,,,,,,,38.11,34.46,160.39,12.48,5507.38,,5526.96,585.49,428.82,0.00,,,,3082.19,1027.40,12048.65,4109.59,7939.06,Normal
2026-02-19,Illinois Solar Farm A,PJM,as-gen,75,0.9,35.40,151.97,157.72,-3.6,0.00,,,,,,,38.65,36.30,150.89,1.09,4841.85,,5476.95,355.31,44.19,0.00,,,,3082.19,1027.40,10718.31,4109.59,6608.72,Normal
2026-02-20,Illinois Solar Farm A,PJM,as-gen,75,0.9,35.40,148.63,153.95,-3.5,0.00,,,,,,,38.79,35.57,139.34,9.29,4735.46,,4955.93,449.25,398.41,0.00,,,,3082.19,1027.40,10539.05,4109.59,6429.46,Normal
2026-02-21,Illinois Solar Farm A,PJM,as-gen,75,0.9,35.40,182.51,189.24,-3.6,0.00,,,,,,,37.42,34.16,182.29,0.22,5814.68,,6226.54,594.94,7.48,0.00,,,,3082.19,1027.40,12643.63,4109.59,8534.04,Normal
2026-02-22,Illinois Solar Farm A,PJM,as-gen,75,0.9,35.40,172.33,179.07,-3.8,0.00,,,,,,,32.49,30.09,166.31,6.02,5490.51,,5004.37,399.54,220.41,0.00,,,,3082.19,1027.40,11114.83,4109.59,7005.24,Normal
2026-02-23,Illinois Solar Farm A,PJM,as-gen,75,0.9,35.40,161.58,169.25,-4.5,0.00,,,,,,,39.67,36.38,161.10,0.48,5148.01,,5860.64,530.24,20.30,0.00,,,,3082.19,1027.40,11559.18,4109.59,7449.59,Normal
2026-02-24,Illinois Solar Farm A,PJM,as-gen,75,0.9,35.40,167.44,174.80,-4.2,0.00,,,,,,,39.81,37.10,180.02,-12.58,5334.63,,6679.53,487.35,0.00,474.91,,,,3082.19,1027.40,12026.60,4109.59,7917.01,Winter Storm
2026-02-25,Illinois Solar Farm A,PJM,as-gen,75,0.9,35.40,182.28,188.64,-3.4,0.00,,,,,,,34.80,31.90,195.42,-13.15,5807.36,,6234.20,567.47,0.00,423.50,,,,3082.19,1027.40,12185.53,4109.59,8075.94,Normal
2026-02-26,Illinois Solar Farm A,PJM,as-gen,75,0.9,35.40,154.55,161.24,-4.1,0.00,,,,,,,34.89,31.15,162.52,-7.97,4923.98,,5061.79,608.40,0.00,327.49,,,,3082.19,1027.40,10266.68,4109.59,6157.09,Normal
2026-02-27,Illinois Solar Farm A,PJM,as-gen,75,0.9,35.40,153.79,159.26,-3.4,0.00,,,,,,,37.90,35.27,155.69,-1.91,4899.64,,5491.65,408.69,0.00,69.38,,,,3082.19,1027.40,10730.60,4109.59,6621.01,Normal
2026-02-28,Illinois Solar Farm A,PJM,as-gen,75,0.9,35.40,152.44,157.09,-3.0,0.00,,,,,,,34.83,32.55,157.43,-4.98,4856.85,,5123.94,359.43,0.00,164.78,,,,3082.19,1027.40,10175.43,4109.59,6065.84,Normal
2026-01-01,Indiana Solar Phase 2,MISO,as-gen,100,0.88,32.60,197.10,204.55,-3.6,0.00,,,,,,,40.09,36.69,200.77,-3.67,5654.37,,7366.02,682.35,0.00,141.07,,,,4109.59,1369.86,13561.68,5479.45,8082.22,Normal
2026-01-02,Indiana Solar Phase 2,MISO,as-gen,100,0.88,32.60,233.68,243.33,-4.0,0.00,,,,,,,36.19,33.72,223.35,10.33,6703.71,,7532.06,550.20,430.26,0.00,,,,4109.59,1369.86,15216.23,5479.45,9736.78,Normal
2026-01-03,Indiana Solar Phase 2,MISO,as-gen,100,0.88,32.60,236.37,246.54,-4.1,0.00,,,,,,,37.09,34.84,221.35,15.02,6780.98,,7710.95,499.10,632.81,0.00,,,,4109.59,1369.86,15623.85,5479.45,10144.39,Normal
2026-01-04,Indiana Solar Phase 2,MISO,as-gen,100,0.88,32.60,216.44,224.60,-3.6,0.00,,,,,,,39.15,36.27,226.39,-9.95,6209.18,,8212.13,649.90,0.00,405.31,,,,4109.59,1369.86,14665.90,5479.45,9186.45,Normal
2026-01-05,Indiana Solar Phase 2,MISO,as-gen,100,0.88,32.60,228.05,233.36,-2.3,0.00,,,,,,,40.06,36.51,223.63,4.42,6542.38,,8165.46,792.27,181.05,0.00,,,,4109.59,1369.86,15681.15,5479.45,10201.70,Normal
2026-01-06,Indiana Solar Phase 2,MISO,as-gen,100,0.88,32.60,201.11,209.24,-3.9,0.00,,,,,,,35.67,32.53,214.40,-13.30,5769.32,,6975.07,673.34,0.00,453.71,,,,4109.59,1369.86,12964.02,5479.45,7484.57,Normal
2026-01-07,Indiana Solar Phase 2,MISO,as-gen,100,0.88,32.60,212.08,220.80,-3.9,0.00,,,,,,,39.28,36.57,224.34,-12.26,6084.18,,8203.20,609.86,0.00,555.23,,,,4109.59,1369.86,14342.01,5479.45,8862.56,Normal
2026-01-08,Indiana Solar Phase 2,MISO,as-gen,100,0.88,32.60,227.72,233.33,-2.4,0.00,,,,,,,41.32,37.98,214.40,13.33,6532.97,,8142.81,716.12,481.84,0.00,,,,4109.59,1369.86,15873.75,5479.45,10394.30,Winter Storm
2026-01-09,Indiana Solar Phase 2,MISO,as-gen,100,0.88,32.60,229.25,237.34,-3.4,0.00,,,,,,,37.32,34.42,223.95,5.31,6576.86,,7707.46,649.47,181.23,0.00,,,,4109.59,1369.86,15115.02,5479.45,9635.57,Normal
2026-01-10,Indiana Solar Phase 2,MISO,as-gen,100,0.88,32.60,224.46,233.60,-3.9,0.00,,,,,,,34.60,31.14,241.83,-17.37,6439.34,,7529.73,837.35,0.00,717.63,,,,4109.59,1369.86,14088.79,5479.45,8609.34,Normal
2026-01-11,Indiana Solar Phase 2,MISO,as-gen,100,0.88,32.60,218.55,225.17,-2.9,0.00,,,,,,,39.17,36.23,218.99,-0.44,6269.66,,7933.59,643.33,0.00,17.59,,,,4109.59,1369.86,14828.99,5479.45,9349.54,Normal
2026-01-12,Indiana Solar Phase 2,MISO,as-gen,100,0.88,32.60,218.39,223.10,-2.1,0.00,,,,,,,41.54,37.92,222.74,-4.34,6265.30,,8446.89,805.82,0.00,171.50,,,,4109.59,1369.86,15346.50,5479.45,9867.05,Normal
2026-01-13,Indiana Solar Phase 2,MISO,as-gen,100,0.88,32.60,212.87,222.29,-4.2,0.00,,,,,,,35.49,32.09,212.36,0.51,6106.86,,6814.57,722.35,20.60,0.00,,,,4109.59,1369.86,13664.38,5479.45,8184.92,Normal
2026-01-14,Indiana Solar Phase 2,MISO,as-gen,100,0.88,32.60,213.85,222.84,-4.0,0.00,,,,,,,36.05,32.76,222.59,-8.74,6135.02,,7292.34,731.12,0.00,280.63,,,,4109.59,1369.86,13877.85,5479.45,8398.40,Normal
2026-01-15,Indiana Solar Phase 2,MISO,as-gen,100,0.88,32.60,217.15,224.41,-3.2,0.00,,,,,,,39.35,35.43,223.50,-6.35,6229.50,,7918.16,876.91,0.00,216.11,,,,4109.59,1369.86,14808.46,5479.45,9329.01,Normal
2026-01-16,Indiana Solar Phase 2,MISO,as-gen,100,0.88,32.60,227.52,237.08,-4.0,0.00,,,,,,,37.10,34.71,221.60,5.92,6527.15,,7691.79,529.60,239.71,0.00,,,,4109.59,1369.86,14988.25,5479.45,9508.80,Normal
2026-01-17,Indiana Solar Phase 2,MISO,as-gen,100,0.88,32.60,211.26,221.43,-4.6,0.00,,,,,,,38.92,35.25,226.48,-15.23,6060.57,,7984.24,831.41,0.00,636.16,,,,4109.59,1369.86,14240.06,5479.45,8760.60,Normal
2026-01-18,Indiana Solar Phase 2,MISO,as-gen,100,0.88,32.60,212.23,220.54,-3.8,0.00,,,,,,,39.93,37.38,209.75,2.48,6088.36,,7840.68,535.44,115.47,0.00,,,,4109.59,1369.86,14579.94,5479.45,9100.49,Normal
2026-01-19,Indiana Solar Phase 2,MISO,as-gen,100,0.88,32.60,210.14,218.19,-3.7,0.00,,,,,,,34.41,31.43,198.17,11.97,6028.47,,6227.84,591.35,461.09,0.00,,,,4109.59,1369.86,13308.75,5479.45,7829.30,Normal
2026-01-20,Indiana Solar Phase 2,MISO,as-gen,100,0.88,32.60,224.91,233.89,-3.8,0.00,,,,,,,35.53,32.13,239.47,-14.56,6452.26,,7694.59,814.23,0.00,543.81,,,,4109.59,1369.86,14417.28,5479.45,8937.83,Normal
2026-01-21,Indiana Solar Phase 2,MISO,as-gen,100,0.88,32.60,242.83,254.50,-4.6,0.00,,,,,,,36.24,32.87,238.97,3.86,6966.34,,7855.26,803.82,149.89,0.00,,,,4109.59,1369.86,15775.31,5479.45,10295.85,Normal
2026-01-22,Indiana Solar Phase 2,MISO,as-gen,100,0.88,32.60,201.22,210.66,-4.5,0.00,,,,,,,37.76,35.04,187.86,13.37,5772.63,,6583.38,510.69,540.80,0.00,,,,4109.59,1369.86,13407.50,5479.45,7928.05,Normal
2026-01-23,Indiana Solar Phase 2,MISO,as-gen,100,0.88,32.60,205.53,209.87,-2.1,0.00,,,,,,,34.02,30.45,190.50,15.03,5896.37,,5800.41,681.14,455.97,0.00,,,,4109.59,1369.86,12833.90,5479.45,7354.44,Normal
2026-01-24,Indiana Solar Phase 2,MISO,as-gen,100,0.88,32.60,227.60,232.46,-2.1,0.00,,,,,,,37.87,35.61,215.66,11.94,6529.26,,7679.74,487.62,392.10,0.00,,,,4109.59,1369.86,15088.73,5479.45,9609.27,Normal
2026-01-25,Indiana Solar Phase 2,MISO,as-gen,100,0.88,32.60,232.39,243.89,-4.7,0.00,,,,,,,38.08,35.43,250.09,-17.69,6666.94,,8859.93,662.35,0.00,708.46,,,,4109.59,1369.86,15480.76,5479.45,10001.31,Normal
2026-01-26,Indiana Solar Phase 2,MISO,as-gen,100,0.88,32.60,232.48,237.41,-2.1,0.00,,,,,,,34.49,30.80,236.66,-4.18,6669.40,,7289.15,874.41,0.00,161.90,,,,4109.59,1369.86,14671.06,5479.45,9191.61,Winter Storm
2026-01-27,Indiana Solar Phase 2,MISO,as-gen,100,0.88,32.60,220.48,228.35,-3.4,0.00,,,,,,,37.17,33.30,224.38,-3.90,6325.06,,7470.91,869.73,0.00,125.12,,,,4109.59,1369.86,14540.58,5479.45,9061.13,Normal
2026-01-28,Indiana Solar Phase 2,MISO,as-gen,100,0.88,32.60,215.11,222.90,-3.5,0.00,,,,,,,35.29,31.75,220.59,-5.48,6171.11,,7004.81,781.05,0.00,183.24,,,,4109.59,1369.86,13773.73,5479.45,8294.28,Normal
2026-01-29,Indiana Solar Phase 2,MISO,as-gen,100,0.88,32.60,230.47,240.32,-4.1,0.00,,,,,,,33.83,30.35,246.13,-15.67,6611.65,,7469.32,856.75,0.00,483.09,,,,4109.59,1369.86,14454.64,5479.45,8975.18,Normal
2026-01-30,Indiana Solar Phase 2,MISO,as-gen,100,0.88,32.60,217.90,227.08,-4.0,0.00,,,,,,,39.71,36.96,208.16,9.74,6251.11,,7693.44,572.66,392.47,0.00,,,,4109.59,1369.86,14909.69,5479.45,9430.24,Normal
2026-01-31,Indiana Solar Phase 2,MISO,as-gen,100,0.88,32.60,235.70,240.83,-2.1,0.00,,,,,,,34.80,31.09,234.14,1.56,6761.72,,7279.77,867.08,49.46,0.00,,,,4109.59,1369.86,14958.02,5479.45,9478.57,Normal
2026-02-01,Indiana Solar Phase 2,MISO,as-gen,100,0.88,32.60,241.72,250.85,-3.6,0.00,,,,,,,39.25,36.70,250.62,-8.90,6934.51,,9196.65,641.17,0.00,386.80,,,,4109.59,1369.86,16385.52,5479.45,10906.07,Normal
2026-02-02,Indiana Solar Phase 2,MISO,as-gen,100,0.88,32.60,210.97,218.55,-3.5,0.00,,,,,,,37.43,33.83,221.81,-10.85,6052.24,,7504.85,797.65,0.00,409.33,,,,4109.59,1369.86,13945.42,5479.45,8465.97,Normal
2026-02-03,Indiana Solar Phase 2,MISO,as-gen,100,0.88,32.60,220.45,229.80,-4.1,0.00,,,,,,,33.10,30.20,230.04,-9.59,6324.27,,6946.07,669.34,0.00,366.92,,,,4109.59,1369.86,13572.76,5479.45,8093.30,Normal
2026-02-04,Indiana Solar Phase 2,MISO,as-gen,100,0.88,32.60,230.50,238.86,-3.5,0.00,,,,,,,39.93,36.36,215.05,15.45,6612.65,,7818.24,768.88,714.80,0.00,,,,4109.59,1369.86,15914.57,5479.45,10435.12,Normal
2026-02-05,Indiana Solar Phase 2,MISO,as-gen,100,0.88,32.60,201.14,206.40,-2.5,0.00,,,,,,,40.33,37.85,188.70,12.44,5770.22,,7142.32,467.46,510.29,0.00,,,,4109.59,1369.86,13890.30,5479.45,8410.85,Normal
2026-02-06,Indiana Solar Phase 2,MISO,as-gen,100,0.88,32.60,218.86,226.69,-3.5,0.00,,,,,,,34.40,30.98,225.10,-6.24,6278.53,,6973.96,769.76,0.00,222.64,,,,4109.59,1369.86,13799.62,5479.45,8320.17,Normal
2026-02-07,Indiana Solar Phase 2,MISO,as-gen,100,0.88,32.60,230.42,235.78,-2.3,0.00,,,,,,,35.60,32.21,230.28,0.14,6610.30,,7416.91,781.63,5.57,0.00,,,,4109.59,1369.86,14814.41,5479.45,9334.96,Normal
2026-02-08,Indiana Solar Phase 2,MISO,as-gen,100,0.88,32.60,222.08,232.84,-4.6,0.00,,,,,,,37.98,35.16,216.50,5.59,6371.14,,7611.49,611.26,228.31,0.00,,,,4109.59,1369.86,14822.20,5479.45,9342.74,Normal
2026-02-09,Indiana Solar Phase 2,MISO,as-gen,100,0.88,32.60,223.65,228.44,-2.1,0.00,,,,,,,35.74,32.82,211.71,11.94,6416.16,,6949.51,616.48,500.67,0.00,,,,4109.59,1369.86,14482.81,5479.45,9003.36,Normal
2026-02-10,Indiana Solar Phase 2,MISO,as-gen,100,0.88,32.60,206.19,213.79,-3.6,0.00,,,,,,,32.91,30.28,201.03,5.15,5915.08,,6086.84,529.50,166.24,0.00,,,,4109.59,1369.86,12697.66,5479.45,7218.20,Normal
2026-02-11,Indiana Solar Phase 2,MISO,as-gen,100,0.88,32.60,204.10,212.50,-4.0,0.00,,,,,,,36.37,33.79,218.60,-14.50,5855.20,,7386.74,563.91,0.00,629.27,,,,4109.59,1369.86,13176.58,5479.45,7697.13,Normal
2026-02-12,Indiana Solar Phase 2,MISO,as-gen,100,0.88,32.60,209.43,216.42,-3.2,0.00,,,,,,,32.85,30.74,214.17,-4.74,6008.19,,6583.48,451.91,0.00,163.98,,,,4109.59,1369.86,12879.60,5479.45,7400.14,Normal
2026-02-13,Indiana Solar Phase 2,MISO,as-gen,100,0.88,32.60,232.98,243.99,-4.5,0.00,,,,,,,35.18,32.89,246.17,-13.19,6683.73,,8096.12,565.18,0.00,454.46,,,,4109.59,1369.86,14890.57,5479.45,9411.12,Normal
2026-02-14,Indiana Solar Phase 2,MISO,as-gen,100,0.88,32.60,217.99,225.13,-3.2,0.00,,,,,,,39.45,37.17,221.04,-3.04,6253.82,,8216.19,503.77,0.00,105.58,,,,4109.59,1369.86,14868.20,5479.45,9388.75,Normal
2026-02-15,Indiana Solar Phase 2,MISO,as-gen,100,0.88,32.60,222.75,232.25,-4.1,0.00,,,,,,,33.47,31.10,218.54,4.21,6390.26,,6795.49,518.37,147.21,0.00,,,,4109.59,1369.86,13851.33,5479.45,8371.88,Winter Storm
2026-02-16,Indiana Solar Phase 2,MISO,as-gen,100,0.88,32.60,230.63,241.42,-4.5,0.00,,,,,,,36.32,33.34,237.56,-6.93,6616.23,,7919.55,708.82,0.00,235.56,,,,4109.59,1369.86,15009.03,5479.45,9529.58,Normal
2026-02-17,Indiana Solar Phase 2,MISO,as-gen,100,0.88,32.60,214.58,222.57,-3.6,0.00,,,,,,,39.09,36.76,199.42,15.16,6155.83,,7331.17,463.79,569.89,0.00,,,,4109.59,1369.86,14520.69,5479.45,9041.24,Normal
2026-02-18,Indiana Solar Phase 2,MISO,as-gen,100,0.88,32.60,205.50,210.19,-2.2,0.00,,,,,,,39.11,36.02,217.75,-12.25,5895.41,,7843.46,672.28,0.00,545.68,,,,4109.59,1369.86,13865.47,5479.45,8386.01,Normal
2026-02-19,Indiana Solar Phase 2,MISO,as-gen,100,0.88,32.60,211.01,215.88,-2.3,0.00,,,,,,,33.68,31.24,200.49,10.52,6053.36,,6262.51,489.64,412.37,0.00,,,,4109.59,1369.86,13217.87,5479.45,7738.42,Normal
2026-02-20,Indiana Solar Phase 2,MISO,as-gen,100,0.88,32.60,232.96,240.16,-3.0,0.00,,,,,,,40.32,36.54,236.60,-3.64,6683.25,,8644.60,894.23,0.00,163.95,,,,4109.59,1369.86,16058.14,5479.45,10578.68,Normal
2026-02-21,Indiana Solar Phase 2,MISO,as-gen,100,0.88,32.60,221.42,226.36,-2.2,0.00,,,,,,,39.71,36.20,205.21,16.21,6351.96,,7428.03,721.24,571.36,0.00,,,,4109.59,1369.86,15072.58,5479.45,9593.13,Normal
2026-02-22,Indiana Solar Phase 2,MISO,as-gen,100,0.88,32.60,220.01,226.73,-3.0,0.00,,,,,,,34.42,30.73,235.56,-15.55,6311.57,,7237.90,869.63,0.00,632.79,,,,4109.59,1369.86,13786.31,5479.45,8306.86,Normal
2026-02-23,Indiana Solar Phase 2,MISO,as-gen,100,0.88,32.60,200.85,208.10,-3.5,0.00,,,,,,,39.99,37.79,191.66,9.19,5762.02,,7242.60,421.15,377.22,0.00,,,,4109.59,1369.86,13802.99,5479.45,8323.53,Normal
2026-02-24,Indiana Solar Phase 2,MISO,as-gen,100,0.88,32.60,210.25,215.15,-2.3,0.00,,,,,,,34.61,31.09,217.14,-6.89,6031.73,,6750.29,765.32,0.00,249.11,,,,4109.59,1369.86,13298.24,5479.45,7818.78,Winter Storm
2026-02-25,Indiana Solar Phase 2,MISO,as-gen,100,0.88,32.60,211.52,221.08,-4.3,0.00,,,,,,,37.16,33.81,200.66,10.85,6068.00,,6783.51,673.88,483.84,0.00,,,,4109.59,1369.86,14009.23,5479.45,8529.78,Normal
2026-02-26,Indiana Solar Phase 2,MISO,as-gen,100,0.88,32.60,203.09,209.22,-2.9,0.00,,,,,,,38.74,34.76,190.84,12.26,5826.39,,6633.42,759.78,542.98,0.00,,,,4109.59,1369.86,13762.56,5479.45,8283.11,Normal
2026-02-27,Indiana Solar Phase 2,MISO,as-gen,100,0.88,32.60,211.84,220.96,-4.1,0.00,,,,,,,33.37,30.86,211.75,0.09,6077.24,,6535.41,529.66,3.30,0.00,,,,4109.59,1369.86,13145.61,5479.45,7666.16,Normal
2026-02-28,Indiana Solar Phase 2,MISO,as-gen,100,0.88,32.60,201.27,209.93,-4.1,0.00,,,,,,,38.75,36.34,206.49,-5.22,5773.99,,7504.17,496.37,0.00,206.61,,,,4109.59,1369.86,13567.91,5479.45,8088.46,Normal
2026-01-01,Ohio Solar Complex,PJM,as-gen,85,0.92,34.80,181.25,187.90,-3.5,0.00,,,,,,,39.49,36.88,187.23,-5.98,5802.91,,6905.44,487.93,0.00,241.17,,,,3493.15,1164.38,12955.11,4657.53,8297.58,Normal
2026-01-02,Ohio Solar Complex,PJM,as-gen,85,0.92,34.80,196.51,206.16,-4.7,0.00,,,,,,,37.64,34.94,211.53,-15.02,6291.44,,7389.97,572.30,0.00,544.06,,,,3493.15,1164.38,13709.66,4657.53,9052.12,Winter Storm
2026-01-03,Ohio Solar Complex,PJM,as-gen,85,0.92,34.80,169.25,173.89,-2.7,0.00,,,,,,,38.37,35.18,180.36,-11.11,5418.72,,6346.04,574.47,0.00,372.23,,,,3493.15,1164.38,11967.00,4657.53,7309.47,Normal
2026-01-04,Ohio Solar Complex,PJM,as-gen,85,0.92,34.80,184.29,190.14,-3.1,0.00,,,,,,,38.20,34.58,172.50,11.79,5900.29,,5965.06,623.87,489.33,0.00,,,,3493.15,1164.38,12978.54,4657.53,8321.01,Normal
2026-01-05,Ohio Solar Complex,PJM,as-gen,85,0.92,34.80,190.10,194.17,-2.1,0.00,,,,,,,40.77,37.97,181.76,8.34,6086.19,,6901.44,509.67,377.35,0.00,,,,3493.15,1164.38,13874.65,4657.53,9217.11,Normal
2026-01-06,Ohio Solar Complex,PJM,as-gen,85,0.92,34.80,197.32,204.47,-3.5,0.00,,,,,,,34.41,31.60,201.27,-3.95,6317.53,,6360.23,564.48,0.00,136.91,,,,3493.15,1164.38,13105.33,4657.53,8447.79,Normal
2026-01-07,Ohio Solar Complex,PJM,as-gen,85,0.92,34.80,180.43,188.21,-4.1,0.00,,,,,,,36.60,33.47,184.09,-3.66,5776.79,,6161.58,576.62,0.00,138.34,,,,3493.15,1164.38,12376.66,4657.53,7719.13,Normal
2026-01-08,Ohio Solar Complex,PJM,as-gen,85,0.92,34.80,172.79,177.57,-2.7,0.00,,,,,,,37.62,34.81,162.10,10.68,5531.92,,5642.77,455.79,368.64,0.00,,,,3493.15,1164.38,11999.12,4657.53,7341.58,Normal
2026-01-09,Ohio Solar Complex,PJM,as-gen,85,0.92,34.80,192.97,201.76,-4.4,0.00,,,,,,,40.68,37.71,178.15,14.82,6178.06,,6717.90,529.39,693.99,0.00,,,,3493.15,1164.38,14119.34,4657.53,9461.80,Normal
2026-01-10,Ohio Solar Complex,PJM,as-gen,85,0.92,34.80,191.37,200.55,-4.6,0.00,,,,,,,37.83,34.18,205.14,-13.77,6126.95,,7010.80,750.40,0.00,612.63,,,,3493.15,1164.38,13275.52,4657.53,8617.98,Normal
2026-01-11,Ohio Solar Complex,PJM,as-gen,85,0.92,34.80,196.42,206.06,-4.7,0.00,,,,,,,36.02,33.52,199.23,-2.81,6288.51,,6677.35,499.79,0.00,103.50,,,,3493.15,1164.38,13362.16,4657.53,8704.63,Normal
2026-01-12,Ohio Solar Complex,PJM,as-gen,85,0.92,34.80,209.13,217.12,-3.7,0.00,,,,,,,40.06,36.73,223.88,-14.75,6695.56,,8223.62,744.29,0.00,645.09,,,,3493.15,1164.38,15018.39,4657.53,10360.85,Normal
2026-01-13,Ohio Solar Complex,PJM,as-gen,85,0.92,34.80,181.52,190.48,-4.7,0.00,,,,,,,34.22,32.04,190.89,-9.37,5811.54,,6117.01,416.24,0.00,299.09,,,,3493.15,1164.38,12045.70,4657.53,7388.17,Normal
2026-01-14,Ohio Solar Complex,PJM,as-gen,85,0.92,34.80,205.53,214.83,-4.3,0.00,,,,,,,39.49,35.74,216.06,-10.53,6580.29,,7721.87,810.99,0.00,473.52,,,,3493.15,1164.38,14639.63,4657.53,9982.10,Normal
2026-01-15,Ohio Solar Complex,PJM,as-gen,85,0.92,34.80,185.70,191.65,-3.1,0.00,,,,,,,37.65,35.03,173.29,12.41,5945.34,,6069.60,455.30,423.09,0.00,,,,3493.15,1164.38,12893.33,4657.53,8235.80,Normal
2026-01-16,Ohio Solar Complex,PJM,as-gen,85,0.92,34.80,208.42,217.59,-4.2,0.00,,,,,,,34.42,31.59,197.81,10.61,6672.80,,6248.76,559.61,422.34,0.00,,,,3493.15,1164.38,13903.51,4657.53,9245.97,Normal
2026-01-17,Ohio Solar Complex,PJM,as-gen,85,0.92,34.80,205.79,212.55,-3.2,0.00,,,,,,,34.26,32.08,201.44,4.35,6588.52,,6462.43,438.76,176.04,0.00,,,,3493.15,1164.38,13665.75,4657.53,9008.22,Normal
2026-01-18,Ohio Solar Complex,PJM,as-gen,85,0.92,34.80,195.77,200.45,-2.3,0.00,,,,,,,40.05,36.85,211.28,-15.51,6267.67,,7785.75,676.13,0.00,589.58,,,,3493.15,1164.38,14139.97,4657.53,9482.43,Normal
2026-01-19,Ohio Solar Complex,PJM,as-gen,85,0.92,34.80,181.65,187.04,-2.9,0.00,,,,,,,38.92,35.54,187.85,-6.20,5815.70,,6676.98,633.75,0.00,264.94,,,,3493.15,1164.38,12861.49,4657.53,8203.96,Normal
2026-01-20,Ohio Solar Complex,PJM,as-gen,85,0.92,34.80,182.41,187.45,-2.7,0.00,,,,,,,37.56,34.96,179.34,3.07,5840.00,,6269.08,467.17,113.11,0.00,,,,3493.15,1164.38,12689.37,4657.53,8031.83,Normal
2026-01-21,Ohio Solar Complex,PJM,as-gen,85,0.92,34.80,186.03,190.47,-2.3,0.00,,,,,,,40.64,36.97,193.41,-7.38,5956.01,,7150.99,709.73,0.00,352.02,,,,3493.15,1164.38,13464.71,4657.53,8807.17,Normal
2026-01-22,Ohio Solar Complex,PJM,as-gen,85,0.92,34.80,203.66,212.61,-4.2,0.00,,,,,,,32.72,30.43,194.86,8.80,6520.43,,5928.73,447.64,248.46,0.00,,,,3493.15,1164.38,13145.26,4657.53,8487.72,Normal
2026-01-23,Ohio Solar Complex,PJM,as-gen,85,0.92,34.80,196.58,201.07,-2.2,0.00,,,,,,,39.31,36.95,186.15,10.43,6293.80,,6877.38,439.56,421.60,0.00,,,,3493.15,1164.38,14032.34,4657.53,9374.81,Normal
2026-01-24,Ohio Solar Complex,PJM,as-gen,85,0.92,34.80,202.18,210.35,-3.9,0.00,,,,,,,38.23,35.45,205.10,-2.92,6472.94,,7269.82,571.89,0.00,132.17,,,,3493.15,1164.38,14182.48,4657.53,9524.95,Normal
2026-01-25,Ohio Solar Complex,PJM,as-gen,85,0.92,34.80,178.69,186.19,-4.0,0.00,,,,,,,39.79,35.87,180.67,-1.98,5721.07,,6481.50,707.29,0.00,72.69,,,,3493.15,1164.38,12837.17,4657.53,8179.64,Winter Storm
2026-01-26,Ohio Solar Complex,PJM,as-gen,85,0.92,34.80,190.76,195.51,-2.4,0.00,,,,,,,38.81,36.24,198.47,-7.71,6107.39,,7191.72,510.04,0.00,322.74,,,,3493.15,1164.38,13486.40,4657.53,8828.87,Normal
2026-01-27,Ohio Solar Complex,PJM,as-gen,85,0.92,34.80,189.12,196.09,-3.6,0.00,,,,,,,36.90,33.38,198.53,-9.41,6054.71,,6627.68,697.42,0.00,369.73,,,,3493.15,1164.38,13010.08,4657.53,8352.54,Normal
2026-01-28,Ohio Solar Complex,PJM,as-gen,85,0.92,34.80,180.85,189.39,-4.5,0.00,,,,,,,36.12,33.82,170.08,10.77,5790.04,,5752.20,390.71,453.58,0.00,,,,3493.15,1164.38,12386.53,4657.53,7728.99,Normal
2026-01-29,Ohio Solar Complex,PJM,as-gen,85,0.92,34.80,178.77,182.78,-2.2,0.00,,,,,,,36.26,34.03,183.39,-4.62,5723.38,,6240.24,408.56,0.00,152.95,,,,3493.15,1164.38,12219.24,4657.53,7561.71,Normal
2026-01-30,Ohio Solar Complex,PJM,as-gen,85,0.92,34.80,185.16,189.89,-2.5,0.00,,,,,,,39.18,35.98,196.17,-11.01,5928.03,,7057.37,629.33,0.00,382.74,,,,3493.15,1164.38,13231.99,4657.53,8574.45,Normal
2026-01-31,Ohio Solar Complex,PJM,as-gen,85,0.92,34.80,174.14,181.14,-3.9,0.00,,,,,,,38.31,35.52,168.64,5.50,5575.13,,5990.40,470.50,188.28,0.00,,,,3493.15,1164.38,12224.30,4657.53,7566.77,Winter Storm
2026-02-01,Ohio Solar Complex,PJM,as-gen,85,0.92,34.80,175.12,181.06,-3.3,0.00,,,,,,,35.84,33.79,165.77,9.36,5606.77,,5601.62,338.77,302.86,0.00,,,,3493.15,1164.38,11850.02,4657.53,7192.49,Normal
2026-02-02,Ohio Solar Complex,PJM,as-gen,85,0.92,34.80,203.18,212.41,-4.3,0.00,,,,,,,39.09,35.90,204.94,-1.77,6504.87,,7356.68,654.11,0.00,65.68,,,,3493.15,1164.38,14449.98,4657.53,9792.44,Normal
2026-02-03,Ohio Solar Complex,PJM,as-gen,85,0.92,34.80,188.69,194.82,-3.1,0.00,,,,,,,36.78,33.79,201.94,-13.25,6040.98,,6822.84,603.71,0.00,473.41,,,,3493.15,1164.38,12994.12,4657.53,8336.58,Normal
2026-02-04,Ohio Solar Complex,PJM,as-gen,85,0.92,34.80,169.12,173.99,-2.8,0.00,,,,,,,39.61,35.69,178.14,-9.01,5414.66,,6357.90,698.23,0.00,387.57,,,,3493.15,1164.38,12083.22,4657.53,7425.68,Normal
2026-02-05,Ohio Solar Complex,PJM,as-gen,85,0.92,34.80,196.46,206.25,-4.7,0.00,,,,,,,34.85,32.43,182.22,14.24,6289.86,,5909.32,440.77,424.89,0.00,,,,3493.15,1164.38,13064.84,4657.53,8407.30,Normal
2026-02-06,Ohio Solar Complex,PJM,as-gen,85,0.92,34.80,176.90,182.33,-3.0,0.00,,,,,,,34.13,30.37,170.32,6.58,5663.69,,5173.23,639.63,202.80,0.00,,,,3493.15,1164.38,11679.34,4657.53,7021.81,Normal
2026-02-07,Ohio Solar Complex,PJM,as-gen,85,0.92,34.80,190.17,198.68,-4.3,0.00,,,,,,,32.55,30.34,194.13,-3.95,6088.61,,5889.00,429.18,0.00,148.59,,,,3493.15,1164.38,12258.21,4657.53,7600.67,Normal
2026-02-08,Ohio Solar Complex,PJM,as-gen,85,0.92,34.80,173.43,180.90,-4.1,0.00,,,,,,,35.58,31.96,169.03,4.40,5552.51,,5402.50,611.59,160.86,0.00,,,,3493.15,1164.38,11727.46,4657.53,7069.93,Normal
2026-02-09,Ohio Solar Complex,PJM,as-gen,85,0.92,34.80,182.17,190.47,-4.4,0.00,,,,,,,39.08,36.36,168.46,13.71,5832.28,,6124.75,458.81,482.58,0.00,,,,3493.15,1164.38,12898.43,4657.53,8240.89,Winter Storm
2026-02-10,Ohio Solar Complex,PJM,as-gen,85,0.92,34.80,197.26,204.94,-3.7,0.00,,,,,,,39.03,35.71,197.88,-0.62,6315.43,,7065.79,657.11,0.00,23.23,,,,3493.15,1164.38,14015.10,4657.53,9357.57,Normal
2026-02-11,Ohio Solar Complex,PJM,as-gen,85,0.92,34.80,193.47,200.49,-3.5,0.00,,,,,,,39.61,36.31,199.58,-6.11,6193.99,,7246.03,659.42,0.00,281.03,,,,3493.15,1164.38,13818.41,4657.53,9160.88,Normal
2026-02-12,Ohio Solar Complex,PJM,as-gen,85,0.92,34.80,181.01,187.46,-3.4,0.00,,,,,,,38.38,36.06,167.34,13.67,5795.23,,6033.58,388.23,592.31,0.00,,,,3493.15,1164.38,12809.36,4657.53,8151.82,Normal
2026-02-13,Ohio Solar Complex,PJM,as-gen,85,0.92,34.80,175.37,180.44,-2.8,0.00,,,,,,,38.80,35.89,188.92,-13.55,5614.62,,6781.27,549.06,0.00,595.15,,,,3493.15,1164.38,12349.81,4657.53,7692.28,Normal
2026-02-14,Ohio Solar Complex,PJM,as-gen,85,0.92,34.80,192.59,197.88,-2.7,0.00,,,,,,,35.79,32.62,202.54,-9.95,6166.05,,6607.45,640.99,0.00,347.64,,,,3493.15,1164.38,13066.84,4657.53,8409.31,Normal
2026-02-15,Ohio Solar Complex,PJM,as-gen,85,0.92,34.80,193.06,198.45,-2.7,0.00,,,,,,,36.84,33.99,191.21,1.85,6181.07,,6499.37,544.35,80.17,0.00,,,,3493.15,1164.38,13304.96,4657.53,8647.43,Normal
2026-02-16,Ohio Solar Complex,PJM,as-gen,85,0.92,34.80,201.34,211.07,-4.6,0.00,,,,,,,36.86,32.95,204.61,-3.27,6446.07,,6742.92,798.73,0.00,119.79,,,,3493.15,1164.38,13867.93,4657.53,9210.40,Normal
2026-02-17,Ohio Solar Complex,PJM,as-gen,85,0.92,34.80,187.73,196.49,-4.5,0.00,,,,,,,35.36,31.72,187.39,0.34,6010.32,,5944.95,681.78,10.63,0.00,,,,3493.15,1164.38,12647.68,4657.53,7990.15,Normal
2026-02-18,Ohio Solar Complex,PJM,as-gen,85,0.92,34.80,204.82,211.68,-3.2,0.00,,,,,,,37.33,33.59,199.09,5.73,6557.42,,6687.92,743.14,241.57,0.00,,,,3493.15,1164.38,14230.05,4657.53,9572.52,Normal
2026-02-19,Ohio Solar Complex,PJM,as-gen,85,0.92,34.80,191.04,198.91,-4.0,0.00,,,,,,,36.74,34.49,192.85,-1.81,6116.24,,6651.12,433.45,0.00,61.14,,,,3493.15,1164.38,13139.66,4657.53,8482.13,Normal
2026-02-20,Ohio Solar Complex,PJM,as-gen,85,0.92,34.80,186.79,194.48,-4.0,0.00,,,,,,,39.99,37.10,195.96,-9.17,5980.14,,7270.31,566.02,0.00,389.70,,,,3493.15,1164.38,13426.78,4657.53,8769.24,Normal
2026-02-21,Ohio Solar Complex,PJM,as-gen,85,0.92,34.80,166.12,170.72,-2.7,0.00,,,,,,,33.33,30.72,163.66,2.46,5318.63,,5027.13,427.74,74.69,0.00,,,,3493.15,1164.38,10848.19,4657.53,6190.66,Normal
2026-02-22,Ohio Solar Complex,PJM,as-gen,85,0.92,34.80,175.88,182.49,-3.6,0.00,,,,,,,37.45,33.94,172.65,3.23,5631.01,,5860.27,605.09,107.85,0.00,,,,3493.15,1164.38,12204.21,4657.53,7546.68,Normal
2026-02-23,Ohio Solar Complex,PJM,as-gen,85,0.92,34.80,187.37,192.83,-2.8,0.00,,,,,,,35.42,33.25,191.45,-4.07,5998.97,,6366.32,415.02,0.00,132.85,,,,3493.15,1164.38,12647.46,4657.53,7989.93,Normal
2026-02-24,Ohio Solar Complex,PJM,as-gen,85,0.92,34.80,185.26,188.97,-2.0,0.00,,,,,,,40.43,37.47,188.16,-2.90,5931.26,,7050.00,557.78,0.00,134.16,,,,3493.15,1164.38,13404.87,4657.53,8747.34,Normal
2026-02-25,Ohio Solar Complex,PJM,as-gen,85,0.92,34.80,178.87,183.95,-2.8,0.00,,,,,,,36.68,33.46,191.96,-13.09,5726.82,,6422.32,618.30,0.00,461.61,,,,3493.15,1164.38,12305.83,4657.53,7648.29,Normal
2026-02-26,Ohio Solar Complex,PJM,as-gen,85,0.92,34.80,181.49,185.13,-2.0,0.00,,,,,,,37.62,33.81,186.51,-5.02,5810.63,,6306.20,709.26,0.00,187.63,,,,3493.15,1164.38,12638.47,4657.53,7980.93,Normal
2026-02-27,Ohio Solar Complex,PJM,as-gen,85,0.92,34.80,195.12,203.87,-4.3,0.00,,,,,,,35.22,32.86,203.49,-8.37,6247.12,,6687.46,479.09,0.00,322.31,,,,3493.15,1164.38,13091.36,4657.53,8433.83,Winter Storm
2026-02-28,Ohio Solar Complex,PJM,as-gen,85,0.92,34.80,183.15,188.10,-2.6,0.00,,,,,,,36.68,33.95,176.73,6.42,5863.79,,5999.97,481.76,274.89,0.00,,,,3493.15,1164.38,12620.40,4657.53,7962.87,Normal
